"season","team","wins","losses","fga","fg_per","three_pa","three_per","two_pa","two_per","fta","ft_per","off_reb","def_reb","ast","stl","blk","tov","fouls","pts"
"2000-01","Miami Heat",50,32,6258,"0.43",1384,"0.345",4874,"0.455",1874,"0.759",813,2435,1630,633,304,1122,1726,7289
"2001-02","Miami Heat",36,46,6382,"0.439",899,"0.347",5483,"0.454",1708,"0.724",902,2544,1664,547,448,1217,1846,7150
"2002-03","Miami Heat",25,57,6517,"0.412",1100,"0.316",5417,"0.432",1689,"0.765",948,2464,1501,592,324,1167,1856,7016
"2003-04","Miami Heat",42,40,6417,"0.425",1357,"0.357",5060,"0.443",1915,"0.762",940,2459,1565,590,313,1137,1812,7402
"2004-05","Miami Heat",59,23,6368,"0.486",1260,"0.377",5108,"0.513",2466,"0.672",887,2639,1790,528,474,1127,1814,8327
"2005-06","Miami Heat",52,30,6355,"0.478",1441,"0.345",4914,"0.517",2310,"0.7",858,2675,1692,522,442,1186,1871,8191
"2006-07","Miami Heat",44,38,6288,"0.464",1539,"0.343",4749,"0.503",2019,"0.69",817,2526,1681,566,442,1201,1749,7759
"2007-08","Miami Heat",15,67,6336,"0.443",1373,"0.358",4963,"0.467",1903,"0.727",743,2342,1644,589,355,1202,1670,7491
"2008-09","Miami Heat",43,39,6646,"0.457",1631,"0.357",5015,"0.489",1871,"0.754",828,2411,1671,651,451,1026,1696,8061
"2009-10","Miami Heat",47,35,6518,"0.458",1426,"0.346",5092,"0.489",1931,"0.752",875,2553,1548,605,457,1079,1710,7914
"2010-11","Miami Heat",58,24,6301,"0.481",1479,"0.37",4822,"0.515",2288,"0.769",790,2666,1639,544,430,1142,1674,8369
"2011-12","Miami Heat",46,20,5212,"0.469",1030,"0.359",4182,"0.496",1598,"0.775",686,2060,1317,585,355,1002,1282,6500
"2012-13","Miami Heat",66,16,6348,"0.496",1809,"0.396",4539,"0.536",1887,"0.754",676,2490,1890,710,441,1143,1533,8436
"2013-14","Miami Heat",54,28,6272,"0.501",1829,"0.364",4443,"0.558",1884,"0.76",627,2397,1847,732,367,1212,1596,8380
"2014-15","Miami Heat",37,45,6330,"0.456",1659,"0.335",4671,"0.499",1940,"0.741",747,2461,1626,642,372,1214,1636,7764
"2015-16","Miami Heat",48,34,6697,"0.47",1480,"0.336",5217,"0.508",1889,"0.744",807,2811,1709,553,531,1155,1502,8204
"2016-17","Miami Heat",41,41,7037,"0.455",2213,"0.365",4824,"0.496",1768,"0.706",872,2705,1742,588,469,1102,1680,8460
"2017-18","Miami Heat",44,38,6997,"0.455",2506,"0.36",4491,"0.508",1601,"0.755",763,2801,1862,620,437,1179,1648,8480
"2018-19","Miami Heat",39,43,7218,"0.45",2658,"0.349",4560,"0.509",1782,"0.695",921,2879,1991,627,448,1208,1712,8668
"2019-20","Miami Heat",44,29,6160,"0.468",2584,"0.379",3576,"0.532",1840,"0.783",620,2619,1892,547,332,1088,1501,8179
"2020-21","Miami Heat",40,32,6029,"0.468",2606,"0.358",3423,"0.553",1520,"0.79",579,2409,1895,569,286,1013,1363,7781
"2021-22","Miami Heat",53,29,6954,"0.467",2936,"0.379",4018,"0.531",1753,"0.808",807,2778,2090,606,265,1194,1679,9022
"2000-01","Boston Celtics",36,46,6485,"0.428",1633,"0.363",4852,"0.45",2190,"0.74",897,2367,1708,769,336,1285,1952,7759
"2001-02","Boston Celtics",49,33,6731,"0.424",1946,"0.359",4785,"0.45",1960,"0.764",891,2570,1722,793,292,1114,1776,7901
"2002-03","Boston Celtics",44,38,6509,"0.415",2155,"0.334",4354,"0.455",1994,"0.742",849,2471,1575,720,303,1147,1758,7599
"2003-04","Boston Celtics",36,46,6415,"0.443",1599,"0.346",4816,"0.475",2095,"0.75",851,2440,1683,770,331,1332,1837,7811
"2004-05","Boston Celtics",45,37,6511,"0.468",1252,"0.349",5259,"0.496",2323,"0.764",909,2438,1810,667,423,1297,2000,8304
"2005-06","Boston Celtics",33,49,6322,"0.467",1290,"0.362",5032,"0.494",2204,"0.755",813,2432,1716,578,422,1359,2033,8033
"2006-07","Boston Celtics",24,58,6454,"0.443",1283,"0.367",5171,"0.462",2178,"0.767",918,2391,1630,589,382,1350,1971,7857
"2007-08","Boston Celtics",66,16,6286,"0.475",1564,"0.381",4722,"0.506",2176,"0.771",830,2615,1833,696,379,1246,1864,8245
"2008-09","Boston Celtics",62,20,6333,"0.486",1355,"0.397",4978,"0.51",2075,"0.765",869,2586,1862,621,387,1280,1897,8275
"2009-10","Boston Celtics",50,32,6294,"0.483",1433,"0.348",4861,"0.523",2090,"0.746",716,2449,1930,701,402,1219,1816,8136
"2010-11","Boston Celtics",56,26,6219,"0.486",1119,"0.365",5100,"0.513",1895,"0.77",639,2542,1921,676,344,1195,1678,7913
"2011-12","Boston Celtics",39,27,5086,"0.46",988,"0.367",4098,"0.483",1308,"0.778",509,2051,1557,498,362,979,1315,6062
"2012-13","Boston Celtics",41,40,6459,"0.465",1390,"0.358",5069,"0.494",1698,"0.776",654,2533,1843,667,365,1181,1717,7818
"2013-14","Boston Celtics",25,57,6883,"0.435",1729,"0.333",5154,"0.47",1706,"0.777",980,2505,1726,584,343,1261,1743,7892
"2014-15","Boston Celtics",40,42,7211,"0.443",2021,"0.327",5190,"0.488",1678,"0.754",910,2685,2009,674,294,1133,1738,8312
"2015-16","Boston Celtics",48,34,7318,"0.439",2142,"0.335",5176,"0.483",1929,"0.788",950,2733,1981,752,348,1127,1796,8669
"2016-17","Boston Celtics",53,29,6978,"0.454",2742,"0.359",4236,"0.515",1903,"0.807",744,2698,2069,617,340,1088,1686,8857
"2017-18","Boston Celtics",55,27,6975,"0.45",2492,"0.377",4483,"0.491",1697,"0.771",767,2878,1842,604,373,1149,1618,8529
"2018-19","Boston Celtics",49,33,7423,"0.465",2829,"0.365",4594,"0.527",1598,"0.802",804,2849,2155,706,435,1052,1670,9216
"2019-20","Boston Celtics",48,24,6448,"0.461",2487,"0.364",3961,"0.522",1668,"0.801",768,2549,1655,595,406,995,1553,8183
"2020-21","Boston Celtics",36,36,6401,"0.466",2618,"0.374",3783,"0.53",1496,"0.775",765,2421,1689,556,383,1012,1471,8109
"2021-22","Boston Celtics",51,31,7167,"0.466",3044,"0.356",4123,"0.547",1713,"0.816",863,2915,2036,591,478,1118,1521,9164
"2000-01","Atlanta Hawks",25,57,6668,"0.431",933,"0.357",5735,"0.443",1811,"0.759",1028,2490,1559,634,387,1368,1863,7459
"2001-02","Atlanta Hawks",33,49,6610,"0.439",1194,"0.354",5416,"0.458",1942,"0.765",955,2445,1656,667,350,1275,1702,7711
"2002-03","Atlanta Hawks",35,47,6434,"0.444",1141,"0.352",5293,"0.464",2011,"0.793",937,2558,1679,611,473,1367,1783,7714
"2003-04","Atlanta Hawks",28,54,6529,"0.433",1249,"0.335",5280,"0.456",1976,"0.776",996,2507,1648,627,408,1350,1826,7611
"2004-05","Atlanta Hawks",13,69,6672,"0.441",973,"0.312",5699,"0.463",1994,"0.711",1100,2335,1614,629,344,1319,2009,7605
"2005-06","Atlanta Hawks",26,56,6496,"0.454",1154,"0.367",5342,"0.472",2207,"0.75",1069,2232,1625,587,394,1284,2054,7972
"2006-07","Atlanta Hawks",30,52,6372,"0.444",1038,"0.329",5334,"0.467",2203,"0.761",976,2312,1573,609,446,1306,1970,7680
"2007-08","Atlanta Hawks",37,45,6552,"0.454",1078,"0.356",5474,"0.473",2227,"0.772",1008,2454,1804,600,448,1223,1673,8054
"2008-09","Atlanta Hawks",47,35,6451,"0.458",1633,"0.366",4818,"0.49",2085,"0.737",870,2412,1657,603,376,1048,1610,8046
"2009-10","Atlanta Hawks",53,29,6801,"0.468",1455,"0.36",5346,"0.497",1914,"0.759",969,2451,1789,592,413,980,1632,8338
"2010-11","Atlanta Hawks",44,38,6429,"0.462",1427,"0.352",5002,"0.494",1728,"0.779",762,2460,1802,497,341,1118,1554,7790
"2011-12","Atlanta Hawks",40,26,5348,"0.454",1330,"0.37",4018,"0.482",1385,"0.74",652,2066,1481,536,303,921,1178,6375
"2012-13","Atlanta Hawks",44,38,6644,"0.464",1901,"0.371",4743,"0.501",1619,"0.715",758,2593,2007,664,369,1219,1473,8032
"2013-14","Atlanta Hawks",38,44,6688,"0.458",2116,"0.363",4572,"0.502",1782,"0.781",713,2565,2041,680,326,1251,1577,8282
"2014-15","Atlanta Hawks",60,22,6699,"0.466",2152,"0.38",4547,"0.506",1735,"0.778",715,2611,2111,744,380,1167,1457,8409
"2015-16","Atlanta Hawks",48,34,6923,"0.458",2326,"0.35",4597,"0.512",1638,"0.783",679,2772,2100,747,486,1226,1570,8433
"2016-17","Atlanta Hawks",43,39,6918,"0.451",2137,"0.341",4781,"0.501",2039,"0.728",842,2793,1938,672,397,1294,1491,8459
"2017-18","Atlanta Hawks",24,58,7015,"0.446",2544,"0.36",4471,"0.495",1654,"0.785",743,2693,1946,638,348,1276,1606,8475
"2018-19","Atlanta Hawks",29,53,7524,"0.451",3034,"0.352",4490,"0.518",1918,"0.752",955,2825,2118,675,419,1397,1932,9294
"2019-20","Atlanta Hawks",20,47,6067,"0.449",2416,"0.333",3651,"0.525",1566,"0.79",661,2237,1605,523,341,1086,1548,7488
"2020-21","Atlanta Hawks",41,31,6281,"0.468",2402,"0.373",3879,"0.526",1745,"0.812",760,2525,1737,503,342,953,1392,8186
"2021-22","Atlanta Hawks",43,39,7241,"0.47",2821,"0.374",4420,"0.531",1829,"0.812",823,2783,2017,587,348,972,1534,9343
"2022-23","Atlanta Hawks",41,41,7574,"0.483",2505,"0.352",5069,"0.548",1850,"0.818",920,2719,2049,580,401,1060,1541,9711
"2022-23","Miami Heat",44,38,6991,"0.46",2852,"0.344",4139,"0.54",1885,"0.831",796,2533,1955,655,243,1106,1516,8977
"2022-23","Boston Celtics",57,25,7278,"0.475",3492,"0.377",3786,"0.567",1769,"0.812",796,2921,2186,521,430,1095,1542,9671
"2012-13","Brooklyn Nets",49,33,6544,"0.45",1760,"0.357",4784,"0.484",1958,"0.731",1047,2460,1668,599,391,1206,1500,7944
"2013-14","Brooklyn Nets",44,38,6391,"0.459",1922,"0.369",4469,"0.497",2002,"0.753",721,2407,1714,705,311,1191,1777,8079
"2014-15","Brooklyn Nets",38,44,6804,"0.451",1633,"0.331",5171,"0.489",1817,"0.748",846,2627,1716,576,340,1133,1579,8038
"2015-16","Brooklyn Nets",21,61,6920,"0.453",1508,"0.352",5412,"0.481",1699,"0.757",863,2614,1829,627,332,1212,1476,8089
"2016-17","Brooklyn Nets",20,62,6987,"0.444",2591,"0.338",4396,"0.506",2020,"0.788",721,2879,1756,593,387,1356,1726,8673
"2017-18","Brooklyn Nets",28,54,7114,"0.441",2924,"0.356",4190,"0.5",1850,"0.772",792,2852,1941,512,390,1245,1688,8741
"2018-19","Brooklyn Nets",42,40,7358,"0.449",2965,"0.353",4393,"0.513",2088,"0.745",900,2919,1954,539,339,1236,1763,9204
"2019-20","Brooklyn Nets",35,37,6498,"0.448",2746,"0.343",3752,"0.524",1732,"0.745",766,2683,1761,464,323,1099,1510,8048
"2020-21","Brooklyn Nets",48,24,6289,"0.494",2600,"0.392",3689,"0.565",1623,"0.804",640,2559,1929,484,379,975,1371,8537
"2021-22","Brooklyn Nets",44,38,7251,"0.475",2602,"0.361",4649,"0.538",1781,"0.805",844,2796,2071,582,448,1153,1670,9258
"2022-23","Brooklyn Nets",45,37,6978,"0.487",2771,"0.378",4207,"0.559",1811,"0.8",674,2648,2093,585,506,1127,1730,9295
"2000-01","New Jersey Nets",26,56,6550,"0.425",1084,"0.333",5466,"0.443",2146,"0.759",909,2337,1603,649,407,1208,1982,7552
"2001-02","New Jersey Nets",52,30,6816,"0.446",1194,"0.338",5622,"0.469",1907,"0.735",1039,2515,1990,716,490,1189,1734,7889
"2002-03","New Jersey Nets",49,33,6585,"0.441",1041,"0.332",5544,"0.462",2195,"0.757",991,2528,1887,717,374,1212,1772,7820
"2003-04","New Jersey Nets",47,35,6372,"0.441",1123,"0.336",5249,"0.464",1856,"0.753",862,2473,2009,709,322,1209,1722,7401
"2004-05","New Jersey Nets",42,40,6419,"0.429",1203,"0.362",5216,"0.444",2039,"0.763",855,2387,1772,650,308,1164,1985,7496
"2005-06","New Jersey Nets",49,33,6317,"0.44",1447,"0.33",4870,"0.472",2187,"0.758",822,2539,1884,558,278,1119,1903,7691
"2006-07","New Jersey Nets",41,41,6379,"0.457",1676,"0.363",4703,"0.49",2153,"0.727",822,2525,1962,499,273,1212,1869,8001
"2007-08","New Jersey Nets",34,48,6450,"0.443",1430,"0.348",5020,"0.47",2237,"0.736",913,2520,1925,521,390,1229,1855,7857
"2008-09","New Jersey Nets",34,48,6536,"0.448",1735,"0.376",4801,"0.473",1980,"0.779",850,2415,1636,559,391,1075,1838,8044
"2009-10","New Jersey Nets",12,70,6554,"0.429",1185,"0.318",5369,"0.454",2015,"0.78",897,2358,1540,573,393,1182,1643,7575
"2010-11","New Jersey Nets",24,58,6638,"0.44",1337,"0.343",5301,"0.464",1881,"0.759",909,2440,1723,458,384,1152,1807,7722
"2011-12","New Jersey Nets",22,44,5320,"0.425",1481,"0.342",3839,"0.457",1433,"0.777",783,1879,1311,493,260,995,1268,6144
"2000-01","Chicago Bulls",15,67,6411,"0.424",950,"0.346",5461,"0.438",1909,"0.739",926,2260,1810,675,379,1292,1902,7181
"2001-02","Chicago Bulls",21,61,6491,"0.433",868,"0.346",5623,"0.447",1958,"0.722",924,2359,1817,633,361,1252,1834,7335
"2002-03","Chicago Bulls",30,52,6714,"0.445",997,"0.35",5717,"0.462",2014,"0.722",985,2541,1782,605,461,1388,2028,7786
"2003-04","Chicago Bulls",23,59,6753,"0.414",1256,"0.342",5497,"0.431",1834,"0.725",1048,2519,1793,659,396,1321,1911,7355
"2004-05","Chicago Bulls",47,35,6592,"0.432",1433,"0.357",5159,"0.453",2048,"0.75",1001,2591,1743,576,369,1371,2028,7745
"2005-06","Chicago Bulls",41,41,6737,"0.446",1477,"0.379",5260,"0.465",1967,"0.738",906,2602,1804,508,345,1224,2038,8020
"2006-07","Chicago Bulls",49,33,6663,"0.457",1237,"0.388",5426,"0.473",2083,"0.734",984,2597,1832,639,445,1310,1908,8100
"2007-08","Chicago Bulls",33,49,6861,"0.435",1305,"0.363",5556,"0.452",2029,"0.756",1050,2478,1811,635,429,1197,1784,7981
"2008-09","Chicago Bulls",41,41,6846,"0.457",1293,"0.381",5553,"0.474",2052,"0.796",970,2481,1732,615,453,1192,1709,8378
"2009-10","Chicago Bulls",41,41,6825,"0.451",1066,"0.33",5759,"0.474",1962,"0.754",937,2715,1704,531,478,1175,1648,7993
"2010-11","Chicago Bulls",62,20,6587,"0.462",1415,"0.361",5172,"0.489",2008,"0.743",967,2654,1827,592,468,1161,1639,8087
"2011-12","Chicago Bulls",50,16,5462,"0.452",1117,"0.375",4345,"0.471",1394,"0.722",915,2165,1527,456,388,923,1139,6359
"2012-13","Chicago Bulls",45,37,6698,"0.437",1265,"0.353",5433,"0.456",1738,"0.773",1026,2514,1886,588,417,1171,1617,7641
"2013-14","Chicago Bulls",48,34,6577,"0.432",1459,"0.348",5118,"0.456",1908,"0.779",937,2683,1860,594,424,1223,1565,7680
"2014-15","Chicago Bulls",50,32,6797,"0.442",1825,"0.353",4972,"0.474",2067,"0.783",959,2792,1781,514,476,1145,1495,8265
"2015-16","Chicago Bulls",42,40,7170,"0.441",1753,"0.371",5417,"0.464",1720,"0.787",907,2889,1870,495,470,1141,1545,8335
"2016-17","Chicago Bulls",41,41,7141,"0.444",1831,"0.34",5310,"0.479",1848,"0.798",999,2797,1851,643,393,1112,1455,8435
"2017-18","Chicago Bulls",27,55,7285,"0.435",2549,"0.355",4736,"0.478",1574,"0.759",790,2873,1923,626,289,1147,1571,8440
"2018-19","Chicago Bulls",22,60,7205,"0.453",2123,"0.351",5082,"0.496",1695,"0.783",718,2799,1796,603,351,1159,1663,8605
"2019-20","Chicago Bulls",22,43,5762,"0.447",2282,"0.348",3480,"0.511",1332,"0.755",680,2041,1510,652,265,1005,1417,6945
"2020-21","Chicago Bulls",31,41,6380,"0.476",2446,"0.37",3934,"0.542",1258,"0.791",693,2544,1927,482,304,1089,1362,7969
"2021-22","Chicago Bulls",46,36,7127,"0.48",2364,"0.369",4763,"0.535",1766,"0.813",711,2760,1958,585,336,1053,1540,9152
"2022-23","Chicago Bulls",40,42,7116,"0.49",2367,"0.361",4749,"0.555",1788,"0.809",694,2779,2006,644,371,1097,1551,9276
"2000-01","Cleveland Cavaliers",30,52,6532,"0.442",659,"0.334",5873,"0.455",2040,"0.765",1015,2440,1708,642,436,1350,1904,7561
"2001-02","Cleveland Cavaliers",29,53,6582,"0.448",1026,"0.377",5556,"0.461",1980,"0.772",968,2483,1891,572,470,1196,1752,7812
"2002-03","Cleveland Cavaliers",17,65,6746,"0.422",896,"0.327",5850,"0.437",2012,"0.747",1118,2542,1712,636,521,1501,1864,7495
"2003-04","Cleveland Cavaliers",35,47,6753,"0.433",786,"0.314",5967,"0.448",2030,"0.753",1118,2619,1808,585,537,1216,1743,7619
"2004-05","Cleveland Cavaliers",42,40,6687,"0.447",904,"0.332",5783,"0.465",2174,"0.752",1117,2352,1851,654,461,1141,1850,7914
"2005-06","Cleveland Cavaliers",50,32,6412,"0.454",1465,"0.339",4947,"0.487",2318,"0.729",959,2511,1560,567,392,1137,1733,8002
"2006-07","Cleveland Cavaliers",50,32,6658,"0.447",1404,"0.352",5254,"0.473",2133,"0.696",1039,2529,1708,625,353,1177,1781,7934
"2007-08","Cleveland Cavaliers",45,37,6697,"0.439",1544,"0.358",5153,"0.463",2061,"0.717",1092,2563,1640,579,427,1145,1712,7903
"2008-09","Cleveland Cavaliers",66,16,6454,"0.468",1670,"0.393",4784,"0.495",2012,"0.757",886,2574,1663,593,435,1045,1663,8223
"2009-10","Cleveland Cavaliers",61,21,6391,"0.485",1582,"0.381",4809,"0.52",2180,"0.72",791,2692,1835,564,425,1137,1591,8373
"2010-11","Cleveland Cavaliers",19,63,6647,"0.434",1489,"0.342",5158,"0.461",2075,"0.745",856,2449,1720,544,341,1166,1648,7827
"2011-12","Cleveland Cavaliers",21,45,5360,"0.422",1273,"0.346",4087,"0.446",1645,"0.716",841,1949,1308,466,262,1017,1317,6140
"2012-13","Cleveland Cavaliers",24,58,6901,"0.434",1581,"0.346",5320,"0.46",1826,"0.756",1004,2359,1694,647,334,1149,1737,7913
"2013-14","Cleveland Cavaliers",33,49,6955,"0.437",1640,"0.356",5315,"0.461",1861,"0.751",989,2629,1738,579,304,1163,1640,8054
"2014-15","Cleveland Cavaliers",53,29,6739,"0.458",2253,"0.367",4486,"0.504",1934,"0.751",911,2612,1814,603,340,1171,1510,8457
"2015-16","Cleveland Cavaliers",57,25,6888,"0.46",2428,"0.362",4460,"0.514",1783,"0.748",873,2777,1861,551,317,1114,1666,8555
"2016-17","Cleveland Cavaliers",51,31,6963,"0.47",2779,"0.384",4184,"0.528",1913,"0.748",766,2821,1858,539,327,1121,1486,9048
"2017-18","Cleveland Cavaliers",50,32,6950,"0.476",2636,"0.372",4314,"0.54",1909,"0.779",694,2761,1916,582,312,1126,1524,9091
"2018-19","Cleveland Cavaliers",19,63,7184,"0.444",2388,"0.355",4796,"0.488",1694,"0.792",879,2619,1698,534,195,1106,1642,8567
"2019-20","Cleveland Cavaliers",19,46,5715,"0.458",2070,"0.351",3645,"0.519",1296,"0.758",704,2172,1500,447,211,1073,1188,6948
"2020-21","Cleveland Cavaliers",22,50,6175,"0.45",2141,"0.336",4034,"0.51",1614,"0.743",751,2327,1716,559,325,1114,1308,7476
"2021-22","Cleveland Cavaliers",44,38,6940,"0.469",2686,"0.355",4254,"0.541",1810,"0.76",837,2786,2064,580,343,1181,1433,8839
"2022-23","Cleveland Cavaliers",51,31,6984,"0.488",2589,"0.367",4395,"0.559",1844,"0.78",795,2574,2045,586,384,1094,1560,9205
"2000-01","Dallas Mavericks",53,29,6716,"0.459",1357,"0.381",5359,"0.479",1954,"0.794",831,2571,1740,618,492,1141,1907,8239
"2001-02","Dallas Mavericks",57,25,6930,"0.462",1645,"0.378",5285,"0.488",1994,"0.806",918,2568,1811,581,392,992,1842,8629
"2002-03","Dallas Mavericks",60,22,6982,"0.453",1668,"0.381",5314,"0.475",1793,"0.829",912,2544,1837,665,449,949,1730,8444
"2003-04","Dallas Mavericks",52,30,7230,"0.459",1456,"0.348",5774,"0.488",1854,"0.796",1174,2538,1963,656,437,1000,1609,8626
"2004-05","Dallas Mavericks",58,24,6691,"0.457",1273,"0.364",5418,"0.479",2314,"0.789",990,2530,1610,708,461,1102,1827,8405
"2005-06","Dallas Mavericks",60,22,6375,"0.462",1113,"0.374",5262,"0.481",2322,"0.783",1030,2431,1473,593,488,1112,1834,8130
"2006-07","Dallas Mavericks",67,15,6442,"0.467",1404,"0.381",5038,"0.491",2045,"0.805",920,2515,1632,560,408,1140,1837,8201
"2007-08","Dallas Mavericks",51,31,6515,"0.464",1403,"0.352",5112,"0.495",2075,"0.814",883,2643,1720,490,402,1037,1786,8234
"2008-09","Dallas Mavericks",50,32,6770,"0.462",1632,"0.35",5138,"0.498",1852,"0.819",909,2595,1779,591,429,1043,1600,8343
"2009-10","Dallas Mavericks",55,27,6760,"0.464",1498,"0.372",5262,"0.491",1870,"0.816",834,2586,1917,624,449,1059,1563,8364
"2010-11","Dallas Mavericks",57,25,6463,"0.475",1768,"0.365",4695,"0.516",1850,"0.777",780,2618,1954,557,352,1145,1575,8220
"2011-12","Dallas Mavericks",36,30,5412,"0.443",1464,"0.339",3948,"0.482",1334,"0.771",665,2157,1380,565,337,926,1226,6322
"2012-13","Dallas Mavericks",41,41,6892,"0.462",1628,"0.372",5264,"0.489",1669,"0.793",767,2670,1906,648,454,1144,1698,8293
"2013-14","Dallas Mavericks",49,33,6858,"0.474",1877,"0.384",4981,"0.508",1733,"0.795",840,2514,1935,704,356,1110,1636,8597
"2014-15","Dallas Mavericks",50,32,7036,"0.463",2082,"0.352",4954,"0.509",1843,"0.752",858,2608,1846,663,371,1062,1644,8628
"2015-16","Dallas Mavericks",42,40,6900,"0.444",2342,"0.344",4558,"0.495",1831,"0.794",751,2781,1813,560,306,1047,1595,8388
"2016-17","Dallas Mavericks",33,49,6750,"0.44",2473,"0.355",4277,"0.489",1516,"0.801",647,2516,1705,614,307,972,1567,8029
"2017-18","Dallas Mavericks",24,58,7042,"0.444",2688,"0.36",4354,"0.496",1530,"0.763",666,2717,1858,578,310,1008,1578,8390
"2018-19","Dallas Mavericks",33,49,7122,"0.447",3002,"0.34",4120,"0.524",2076,"0.742",832,2884,1918,533,351,1167,1650,8927
"2019-20","Dallas Mavericks",43,32,6772,"0.461",3095,"0.367",3677,"0.541",1787,"0.779",791,2729,1849,460,363,953,1462,8776
"2020-21","Dallas Mavericks",42,30,6287,"0.47",2744,"0.362",3543,"0.554",1524,"0.778",657,2463,1647,450,311,869,1396,8096
"2021-22","Dallas Mavericks",52,30,6982,"0.461",3063,"0.35",3919,"0.548",1739,"0.771",759,2769,1918,552,325,1025,1612,8858
"2022-23","Dallas Mavericks",38,44,6909,"0.475",3362,"0.371",3547,"0.574",2057,"0.755",625,2556,1880,514,304,1002,1697,9366
"2000-01","Denver Nuggets",40,42,6877,"0.433",1444,"0.355",5433,"0.454",1964,"0.737",1044,2583,1970,552,538,1136,1820,7918
"2001-02","Denver Nuggets",27,55,6870,"0.424",1285,"0.329",5585,"0.446",1756,"0.744",1117,2310,1817,613,462,1205,1873,7559
"2002-03","Denver Nuggets",17,65,6544,"0.411",824,"0.278",5720,"0.43",1850,"0.699",1112,2363,1737,712,422,1514,2056,6901
"2003-04","Denver Nuggets",43,39,6763,"0.443",985,"0.336",5778,"0.461",2159,"0.767",1083,2387,1794,745,520,1278,1804,7972
"2004-05","Denver Nuggets",49,33,6615,"0.459",940,"0.34",5675,"0.479",2313,"0.763",967,2473,1958,750,489,1224,1878,8161
"2005-06","Denver Nuggets",44,38,6672,"0.461",1076,"0.325",5596,"0.487",2312,"0.744",903,2486,1921,698,463,1216,1863,8227
"2006-07","Denver Nuggets",45,37,6805,"0.465",1440,"0.336",5365,"0.5",2449,"0.746",1001,2558,1920,678,435,1352,1756,8639
"2007-08","Denver Nuggets",50,32,7038,"0.47",1605,"0.355",5433,"0.504",2519,"0.751",918,2698,2024,752,551,1203,1731,9074
"2008-09","Denver Nuggets",54,28,6510,"0.47",1477,"0.371",5033,"0.499",2487,"0.76",905,2507,1820,710,492,1257,1874,8555
"2009-10","Denver Nuggets",53,29,6678,"0.468",1517,"0.359",5161,"0.5",2508,"0.772",889,2505,1719,683,417,1136,1844,8729
"2010-11","Denver Nuggets",50,32,6613,"0.476",1704,"0.388",4909,"0.506",2429,"0.765",791,2652,1813,605,352,1157,1719,8811
"2011-12","Denver Nuggets",38,28,5404,"0.476",1311,"0.332",4093,"0.522",1760,"0.735",738,2105,1581,540,330,1015,1297,6872
"2012-13","Denver Nuggets",57,25,6983,"0.478",1518,"0.343",5465,"0.516",2148,"0.701",1092,2601,2002,762,533,1253,1682,8704
"2013-14","Denver Nuggets",36,46,7042,"0.447",1959,"0.358",5083,"0.481",2154,"0.726",1009,2717,1838,615,459,1305,1890,8559
"2014-15","Denver Nuggets",30,52,7158,"0.433",2032,"0.325",5126,"0.476",1991,"0.734",1012,2653,1788,641,367,1166,1882,8320
"2015-16","Denver Nuggets",33,49,7003,"0.442",1943,"0.338",5060,"0.482",1974,"0.766",941,2718,1858,609,395,1202,1723,8355
"2016-17","Denver Nuggets",40,42,7194,"0.469",2365,"0.368",4829,"0.519",1986,"0.774",966,2837,2077,568,323,1226,1567,9161
"2017-18","Denver Nuggets",46,36,7102,"0.47",2536,"0.371",4566,"0.525",1830,"0.767",902,2748,2059,627,404,1227,1533,9020
"2018-19","Denver Nuggets",54,28,7384,"0.466",2571,"0.351",4813,"0.527",1714,"0.755",972,2832,2245,634,363,1102,1644,9075
"2019-20","Denver Nuggets",46,27,6488,"0.473",2234,"0.359",4254,"0.533",1526,"0.777",786,2436,1952,586,337,1005,1485,8124
"2020-21","Denver Nuggets",47,25,6422,"0.485",2462,"0.377",3960,"0.552",1406,"0.803",758,2442,1933,582,323,972,1374,8284
"2021-22","Denver Nuggets",48,34,7079,"0.483",2944,"0.353",4135,"0.575",1725,"0.795",752,2865,2279,592,305,1189,1639,9243
"2022-23","Denver Nuggets",53,29,7088,"0.504",2559,"0.379",4529,"0.575",1834,"0.751",828,2699,2368,618,368,1192,1525,9495
"2000-01","Detroit Pistons",32,50,6880,"0.424",1112,"0.35",5768,"0.439",2233,"0.721",1108,2626,1629,613,447,1304,1955,7837
"2001-02","Detroit Pistons",50,32,6300,"0.452",1509,"0.376",4791,"0.475",1954,"0.756",810,2366,1765,648,565,1193,1695,7735
"2002-03","Detroit Pistons",50,32,6277,"0.43",1488,"0.358",4789,"0.452",2021,"0.771",883,2445,1620,556,468,1104,1748,7492
"2003-04","Detroit Pistons",54,28,6314,"0.435",968,"0.344",5346,"0.452",2074,"0.753",1014,2492,1702,659,570,1241,1664,7388
"2004-05","Detroit Pistons",54,28,6421,"0.444",1053,"0.345",5368,"0.463",2150,"0.739",1054,2507,1787,576,497,1133,1638,7653
"2005-06","Detroit Pistons",64,18,6558,"0.455",1451,"0.384",5107,"0.475",1950,"0.727",975,2347,1971,580,490,931,1513,7941
"2006-07","Detroit Pistons",53,29,6484,"0.454",1305,"0.344",5179,"0.481",1988,"0.774",948,2374,1768,583,472,1001,1672,7872
"2007-08","Detroit Pistons",59,23,6551,"0.458",1330,"0.366",5221,"0.481",1965,"0.767",974,2423,1831,583,472,956,1688,7992
"2008-09","Detroit Pistons",39,43,6559,"0.454",1079,"0.349",5480,"0.475",1849,"0.751",949,2448,1689,493,377,973,1712,7727
"2009-10","Detroit Pistons",27,55,6602,"0.445",1190,"0.314",5412,"0.474",1998,"0.728",1053,2242,1591,596,313,1100,1822,7709
"2010-11","Detroit Pistons",30,52,6647,"0.46",1256,"0.376",5391,"0.479",1854,"0.737",931,2236,1730,595,328,1067,1629,7951
"2011-12","Detroit Pistons",25,41,5232,"0.438",916,"0.346",4316,"0.457",1461,"0.752",775,1882,1232,460,278,1033,1293,5997
"2012-13","Detroit Pistons",29,53,6638,"0.449",1440,"0.356",5198,"0.474",1870,"0.699",991,2463,1742,574,400,1241,1623,7778
"2013-14","Detroit Pistons",29,53,7124,"0.447",1580,"0.321",5544,"0.483",2111,"0.67",1196,2525,1714,687,395,1193,1666,8286
"2014-15","Detroit Pistons",32,50,7038,"0.432",2043,"0.344",4995,"0.468",1838,"0.703",1051,2630,1771,623,383,1099,1559,8077
"2015-16","Detroit Pistons",44,38,7087,"0.439",2148,"0.345",4939,"0.48",2095,"0.668",1021,2777,1594,573,304,1110,1557,8361
"2016-17","Detroit Pistons",37,45,7282,"0.449",1915,"0.33",5367,"0.492",1586,"0.719",908,2838,1732,574,310,973,1467,8309
"2017-18","Detroit Pistons",39,43,7129,"0.45",2373,"0.373",4756,"0.488",1621,"0.745",830,2756,1868,628,317,1103,1508,8509
"2018-19","Detroit Pistons",41,41,7238,"0.44",2854,"0.348",4384,"0.5",1893,"0.747",936,2752,1845,569,331,1135,1811,8778
"2019-20","Detroit Pistons",20,46,5658,"0.459",2157,"0.367",3501,"0.515",1476,"0.743",644,2109,1589,490,299,1008,1299,7078
"2020-21","Detroit Pistons",20,52,6162,"0.452",2370,"0.351",3792,"0.515",1683,"0.759",694,2381,1743,531,371,1075,1477,7676
"2021-22","Detroit Pistons",23,59,7267,"0.431",2838,"0.326",4429,"0.498",1806,"0.782",900,2625,1924,630,393,1163,1799,8596
"2022-23","Detroit Pistons",17,65,7140,"0.454",2659,"0.351",4481,"0.516",2106,"0.771",916,2564,1884,574,308,1237,1813,9045
"2000-01","Golden State Warriors",17,65,7175,"0.409",964,"0.293",6211,"0.427",2024,"0.706",1345,2385,1788,742,410,1301,1727,7584
"2001-02","Golden State Warriors",21,61,6989,"0.429",994,"0.322",5995,"0.447",2344,"0.722",1334,2493,1706,650,523,1378,1884,8009
"2002-03","Golden State Warriors",38,44,6941,"0.441",1235,"0.344",5706,"0.462",2382,"0.778",1284,2546,1712,594,506,1295,1786,8400
"2003-04","Golden State Warriors",37,45,6511,"0.442",1283,"0.334",5228,"0.468",2028,"0.725",1002,2533,1681,576,389,1211,1691,7649
"2004-05","Golden State Warriors",34,48,7039,"0.43",1774,"0.352",5265,"0.457",1955,"0.722",1069,2436,1811,642,420,1112,1833,8094
"2005-06","Golden State Warriors",34,48,6785,"0.433",1832,"0.341",4953,"0.467",2190,"0.718",980,2485,1694,604,357,1156,1941,8076
"2006-07","Golden State Warriors",42,40,7048,"0.463",1967,"0.356",5081,"0.504",2113,"0.717",940,2456,1950,750,466,1309,1933,8737
"2007-08","Golden State Warriors",48,34,7406,"0.459",2185,"0.348",5221,"0.506",2044,"0.752",1045,2496,1833,744,377,1082,1875,9105
"2008-09","Golden State Warriors",29,53,7055,"0.458",1475,"0.373",5580,"0.48",2392,"0.791",953,2492,1711,638,527,1201,1842,8905
"2009-10","Golden State Warriors",26,56,7094,"0.469",1687,"0.375",5407,"0.499",2085,"0.782",753,2397,1839,761,340,1204,1886,8922
"2010-11","Golden State Warriors",36,46,7047,"0.461",1749,"0.392",5298,"0.484",1695,"0.761",955,2370,1847,737,406,1198,1806,8477
"2011-12","Golden State Warriors",23,43,5443,"0.457",1351,"0.388",4092,"0.48",1235,"0.77",640,1947,1470,528,362,915,1410,6453
"2012-13","Golden State Warriors",47,35,6840,"0.458",1632,"0.403",5208,"0.475",1744,"0.79",885,2801,1845,567,346,1236,1753,8296
"2013-14","Golden State Warriors",51,31,7005,"0.462",2037,"0.38",4968,"0.496",1731,"0.753",896,2819,1912,642,407,1247,1784,8549
"2014-15","Golden State Warriors",67,15,7137,"0.478",2217,"0.398",4920,"0.514",1709,"0.768",853,2814,2248,762,496,1185,1628,9016
"2017-18","Golden State Warriors",58,24,6981,"0.503",2370,"0.391",4611,"0.56",1668,"0.815",691,2877,2402,656,612,1267,1607,9304
"2018-19","Golden State Warriors",57,25,7361,"0.491",2824,"0.385",4537,"0.557",1672,"0.801",797,2990,2413,625,525,1169,1757,9650
"2019-20","Golden State Warriors",15,50,5730,"0.438",2032,"0.334",3698,"0.495",1511,"0.803",647,2138,1663,534,299,969,1304,6912
"2020-21","Golden State Warriors",39,33,6347,"0.468",2789,"0.376",3558,"0.541",1520,"0.785",574,2524,1991,587,342,1080,1526,8187
"2021-22","Golden State Warriors",53,29,7087,"0.469",3231,"0.364",3856,"0.557",1665,"0.769",800,2930,2223,719,372,1221,1723,9102
"2022-23","Golden State Warriors",44,38,7393,"0.479",3540,"0.385",3853,"0.564",1655,"0.794",864,2793,2446,588,323,1336,1757,9753
"2016-17","Golden State Warriors",67,15,7140,"0.495",2562,"0.383",4578,"0.557",1850,"0.788",770,2873,2491,785,555,1211,1585,9503
"2015-16","Golden State Warriors",73,9,7159,"0.487",2592,"0.416",4567,"0.528",1790,"0.763",816,2972,2373,689,498,1245,1701,9421
"2000-01","Houston Rockets",45,37,6494,"0.453",1412,"0.357",5082,"0.48",2086,"0.758",919,2524,1613,587,358,1204,1657,7972
"2001-02","Houston Rockets",28,54,6629,"0.428",1480,"0.335",5149,"0.455",1893,"0.741",1025,2411,1482,537,445,1156,1476,7572
"2002-03","Houston Rockets",43,39,6461,"0.44",1267,"0.346",5194,"0.462",2044,"0.768",1024,2564,1506,594,493,1276,1602,7688
"2003-04","Houston Rockets",45,37,6195,"0.442",1406,"0.366",4789,"0.464",1774,"0.773",847,2647,1579,560,443,1373,1762,7362
"2004-05","Houston Rockets",51,31,6419,"0.443",1521,"0.364",4898,"0.468",1986,"0.781",874,2601,1733,563,378,1135,1807,7796
"2005-06","Houston Rockets",34,48,6252,"0.433",1414,"0.332",4838,"0.463",1980,"0.759",849,2565,1580,588,320,1193,1863,7387
"2006-07","Houston Rockets",52,30,6528,"0.445",1893,"0.372",4635,"0.475",1906,"0.753",880,2673,1704,583,337,1162,1710,7953
"2007-08","Houston Rockets",55,27,6698,"0.448",1707,"0.342",4991,"0.485",1848,"0.726",1002,2659,1757,598,420,1125,1609,7931
"2008-09","Houston Rockets",53,29,6526,"0.453",1656,"0.375",4870,"0.48",1903,"0.805",862,2662,1662,548,355,1158,1553,8070
"2009-10","Houston Rockets",42,40,6923,"0.447",1838,"0.351",5085,"0.481",2022,"0.772",971,2471,1790,583,318,1188,1712,8395
"2010-11","Houston Rockets",43,39,6975,"0.454",1843,"0.367",5132,"0.486",2083,"0.801",962,2549,1955,581,371,1110,1641,8685
"2011-12","Houston Rockets",34,32,5543,"0.449",1330,"0.359",4213,"0.477",1301,"0.782",769,2014,1404,496,319,955,1347,6474
"2012-13","Houston Rockets",45,37,6782,"0.461",2369,"0.366",4413,"0.511",2087,"0.754",909,2652,1902,679,359,1348,1662,8688
"2013-14","Houston Rockets",54,28,6603,"0.472",2179,"0.358",4424,"0.529",2549,"0.712",920,2797,1755,621,461,1323,1676,8829
"2014-15","Houston Rockets",56,26,6832,"0.444",2680,"0.348",4152,"0.506",2133,"0.715",958,2624,1820,777,407,1366,1803,8522
"2015-16","Houston Rockets",41,41,6847,"0.452",2533,"0.347",4314,"0.514",2407,"0.694",930,2601,1821,821,430,1307,1790,8737
"2016-17","Houston Rockets",55,27,7152,"0.462",3306,"0.357",3846,"0.552",2177,"0.766",892,2746,2070,670,352,1240,1634,9458
"2017-18","Houston Rockets",65,17,6906,"0.46",3470,"0.362",3436,"0.558",2061,"0.781",739,2825,1767,699,392,1135,1597,9213
"2018-19","Houston Rockets",53,29,7163,"0.449",3721,"0.356",3442,"0.551",2001,"0.791",836,2613,1741,700,405,1094,1803,9341
"2019-20","Houston Rockets",44,28,6512,"0.451",3261,"0.345",3251,"0.557",1876,"0.791",704,2484,1557,627,371,1057,1566,8482
"2020-21","Houston Rockets",17,55,6372,"0.444",2923,"0.339",3449,"0.532",1606,"0.74",671,2396,1699,546,361,1060,1407,7833
"2021-22","Houston Rockets",20,62,7083,"0.456",3170,"0.349",3913,"0.543",2010,"0.713",786,2660,1932,600,382,1351,1692,8997
"2022-23","Houston Rockets",22,60,7287,"0.457",2619,"0.327",4668,"0.53",2078,"0.754",1100,2695,1835,600,374,1332,1679,9081
"2000-01","Indiana Pacers",41,41,6431,"0.44",1159,"0.342",5272,"0.461",2009,"0.766",921,2595,1763,563,487,1244,1926,7591
"2001-02","Indiana Pacers",42,40,6580,"0.446",1195,"0.339",5385,"0.47",2155,"0.772",930,2568,1884,658,436,1249,1876,7938
"2002-03","Indiana Pacers",48,34,6608,"0.441",1119,"0.339",5489,"0.461",2271,"0.766",1004,2622,1910,696,443,1210,1811,7940
"2003-04","Indiana Pacers",61,21,6322,"0.435",1281,"0.351",5041,"0.457",2014,"0.764",965,2452,1774,726,411,1182,1709,7493
"2004-05","Indiana Pacers",44,38,6169,"0.432",1575,"0.344",4594,"0.463",2206,"0.792",868,2418,1489,615,357,1173,1890,7626
"2005-06","Indiana Pacers",41,41,6274,"0.444",1536,"0.349",4738,"0.475",2158,"0.737",898,2559,1631,598,409,1254,1821,7699
"2006-07","Indiana Pacers",35,47,6561,"0.438",1389,"0.346",5172,"0.462",2125,"0.76",990,2441,1680,599,447,1335,1912,7840
"2007-08","Indiana Pacers",36,46,6993,"0.444",2021,"0.374",4972,"0.472",2042,"0.768",904,2633,1864,623,412,1236,1921,8527
"2008-09","Indiana Pacers",36,46,7080,"0.455",1725,"0.378",5355,"0.48",1890,"0.807",924,2661,1775,573,434,1189,1895,8617
"2009-10","Indiana Pacers",32,50,6823,"0.443",1896,"0.348",4927,"0.479",2019,"0.775",785,2618,1730,585,439,1232,1848,8263
"2010-11","Indiana Pacers",37,45,6787,"0.442",1653,"0.354",5134,"0.471",2035,"0.782",914,2657,1611,584,456,1262,1782,8183
"2011-12","Indiana Pacers",42,24,5375,"0.438",1064,"0.368",4311,"0.455",1724,"0.782",826,2070,1228,523,357,925,1430,6449
"2012-13","Indiana Pacers",49,32,6525,"0.436",1599,"0.347",4926,"0.465",1915,"0.746",1043,2671,1645,580,513,1227,1623,7674
"2013-14","Indiana Pacers",56,26,6573,"0.449",1542,"0.357",5031,"0.477",1907,"0.779",834,2831,1651,550,446,1237,1675,7933
"2014-15","Indiana Pacers",38,44,6824,"0.439",1740,"0.352",5084,"0.469",1817,"0.756",856,2822,1757,505,375,1147,1742,7981
"2015-16","Indiana Pacers",45,37,6985,"0.45",1889,"0.351",5096,"0.486",1872,"0.764",847,2779,1741,742,391,1219,1641,8377
"2016-17","Indiana Pacers",42,40,6931,"0.465",1885,"0.376",5046,"0.498",1811,"0.81",742,2702,1844,669,409,1130,1597,8618
"2017-18","Indiana Pacers",48,34,7083,"0.472",2010,"0.369",5073,"0.513",1573,"0.779",788,2684,1819,721,340,1089,1544,8656
"2018-19","Indiana Pacers",48,34,7135,"0.475",2081,"0.374",5054,"0.517",1727,"0.752",762,2766,2128,713,404,1122,1594,8857
"2019-20","Indiana Pacers",45,28,6457,"0.476",2046,"0.363",4411,"0.529",1393,"0.787",636,2489,1888,543,376,967,1445,7989
"2020-21","Indiana Pacers",34,38,6567,"0.474",2445,"0.364",4122,"0.54",1493,"0.792",648,2424,1973,611,460,975,1453,8302
"2021-22","Indiana Pacers",25,57,7338,"0.463",2899,"0.344",4439,"0.541",1754,"0.768",925,2671,2081,582,457,1183,1675,9140
"2022-23","Indiana Pacers",35,47,7345,"0.469",3030,"0.367",4315,"0.54",1944,"0.79",832,2575,2213,631,478,1225,1741,9535
"2000-01","Los Angeles Clippers",31,51,6467,"0.448",1063,"0.339",5404,"0.469",2061,"0.693",962,2559,1585,490,513,1293,1775,7581
"2001-02","Los Angeles Clippers",39,43,6668,"0.445",1147,"0.356",5521,"0.464",2026,"0.739",1083,2474,1714,510,540,1214,1624,7846
"2002-03","Los Angeles Clippers",27,55,6490,"0.437",1178,"0.331",5312,"0.46",2177,"0.75",1008,2462,1605,574,461,1291,1784,7693
"2003-04","Los Angeles Clippers",28,54,6579,"0.428",1024,"0.321",5555,"0.448",2302,"0.785",1149,2416,1653,594,376,1344,1816,7771
"2004-05","Los Angeles Clippers",37,45,6368,"0.459",669,"0.345",5699,"0.473",2274,"0.778",980,2455,1901,599,422,1290,1819,7849
"2005-06","Los Angeles Clippers",47,35,6443,"0.465",843,"0.344",5600,"0.483",2142,"0.791",828,2704,1708,534,503,1185,1872,7970
"2006-07","Los Angeles Clippers",40,42,6318,"0.456",903,"0.348",5415,"0.474",2245,"0.788",888,2484,1762,596,472,1239,1858,7843
"2007-08","Los Angeles Clippers",23,59,6445,"0.438",1079,"0.324",5366,"0.46",2178,"0.781",800,2491,1732,557,398,1180,1745,7692
"2008-09","Los Angeles Clippers",19,63,6696,"0.441",1513,"0.354",5183,"0.467",1839,"0.736",890,2377,1723,572,482,1221,1650,7799
"2009-10","Los Angeles Clippers",29,53,6601,"0.455",1457,"0.332",5144,"0.49",1867,"0.73",927,2502,1810,532,466,1285,1581,7849
"2010-11","Los Angeles Clippers",32,50,6594,"0.457",1519,"0.338",5075,"0.493",2187,"0.707",955,2501,1813,585,402,1343,1733,8089
"2011-12","Los Angeles Clippers",40,26,5366,"0.455",1441,"0.357",3925,"0.49",1538,"0.68",800,1943,1385,556,315,879,1399,6438
"2012-13","Los Angeles Clippers",56,26,6608,"0.478",1752,"0.358",4856,"0.522",1888,"0.711",938,2475,1958,784,461,1197,1716,8289
"2013-14","Los Angeles Clippers",57,25,6761,"0.474",1966,"0.352",4795,"0.525",2384,"0.73",858,2668,2016,703,397,1136,1767,8850
"2014-15","Los Angeles Clippers",56,26,6830,"0.473",2202,"0.376",4628,"0.519",2067,"0.71",784,2711,2031,640,409,1012,1749,8751
"2015-16","Los Angeles Clippers",53,29,6759,"0.465",2190,"0.364",4569,"0.513",2152,"0.692",721,2727,1873,709,460,1063,1746,8569
"2016-17","Los Angeles Clippers",51,31,6820,"0.475",2245,"0.375",4575,"0.525",2128,"0.745",738,2790,1848,612,347,1062,1626,8911
"2017-18","Los Angeles Clippers",42,40,7004,"0.471",2196,"0.354",4808,"0.525",2095,"0.743",832,2766,1832,628,373,1204,1638,8937
"2018-19","Los Angeles Clippers",48,34,7178,"0.471",2118,"0.388",5060,"0.507",2340,"0.792",796,2936,1970,561,385,1193,1913,9442
"2019-20","Los Angeles Clippers",49,23,6425,"0.466",2410,"0.371",4015,"0.522",1894,"0.791",767,2664,1708,511,338,1051,1594,8377
"2020-21","Los Angeles Clippers",47,25,6242,"0.482",2498,"0.411",3744,"0.529",1387,"0.839",678,2501,1756,509,295,950,1383,8209
"2021-22","Los Angeles Clippers",42,40,7170,"0.458",2802,"0.374",4368,"0.512",1606,"0.793",747,2860,1969,608,406,1126,1528,8890
"2022-23","Los Angeles Clippers",44,38,7059,"0.477",2735,"0.381",4324,"0.539",1962,"0.781",803,2742,1959,580,364,1167,1598,9314
"2000-01","Los Angeles Lakers",56,26,6685,"0.465",1275,"0.344",5410,"0.494",2333,"0.683",1085,2583,1888,564,490,1184,1872,8251
"2001-02","Los Angeles Lakers",58,24,6840,"0.461",1439,"0.354",5401,"0.489",2138,"0.699",1022,2607,1882,625,478,1040,1823,8304
"2002-03","Los Angeles Lakers",50,32,6856,"0.451",1367,"0.356",5489,"0.475",2129,"0.734",1078,2554,1909,639,470,1192,1874,8230
"2003-04","Los Angeles Lakers",56,26,6676,"0.454",1115,"0.327",5561,"0.479",2352,"0.693",1001,2535,1948,682,379,1132,1732,8052
"2004-05","Los Angeles Lakers",34,48,6629,"0.437",1813,"0.355",4816,"0.467",2137,"0.777",1028,2511,1672,508,344,1176,1794,8095
"2005-06","Los Angeles Lakers",45,37,6607,"0.453",1583,"0.349",5024,"0.486",2172,"0.745",970,2488,1734,628,350,1143,1894,8154
"2006-07","Los Angeles Lakers",42,40,6664,"0.466",1724,"0.353",4940,"0.505",2221,"0.747",886,2495,1850,600,421,1273,1889,8474
"2007-08","Los Angeles Lakers",57,25,6818,"0.476",1751,"0.378",5067,"0.51",2270,"0.769",898,2722,2003,654,438,1156,1691,8904
"2008-09","Los Angeles Lakers",65,17,6981,"0.474",1516,"0.361",5465,"0.505",2087,"0.77",1015,2587,1908,718,420,1103,1698,8768
"2009-10","Los Angeles Lakers",57,25,6875,"0.457",1562,"0.341",5313,"0.492",1985,"0.765",973,2662,1730,612,400,1096,1592,8339
"2010-11","Los Angeles Lakers",57,25,6757,"0.463",1487,"0.352",5270,"0.494",1979,"0.779",989,2616,1801,602,422,1073,1555,8321
"2011-12","Los Angeles Lakers",41,25,5319,"0.457",1112,"0.326",4207,"0.491",1589,"0.756",799,2251,1485,390,351,997,1109,6422
"2012-13","Los Angeles Lakers",45,37,6640,"0.458",2015,"0.355",4625,"0.503",2289,"0.692",942,2732,1818,576,429,1232,1467,8381
"2013-14","Los Angeles Lakers",27,55,6980,"0.45",2032,"0.381",4948,"0.478",1835,"0.757",745,2620,2006,611,446,1239,1627,8442
"2014-15","Los Angeles Lakers",21,61,7020,"0.435",1546,"0.344",5474,"0.461",1935,"0.741",952,2647,1715,578,366,1086,1741,8073
"2015-16","Los Angeles Lakers",17,65,6956,"0.414",2016,"0.317",4940,"0.454",2028,"0.781",878,2645,1478,593,337,1124,1662,7982
"2016-17","Los Angeles Lakers",26,56,7164,"0.45",2110,"0.346",5054,"0.493",1853,"0.754",933,2636,1716,674,320,1243,1698,8575
"2017-18","Los Angeles Lakers",35,47,7248,"0.461",2384,"0.345",4864,"0.517",1910,"0.714",876,2927,1949,633,388,1295,1736,8862
"2018-19","Los Angeles Lakers",37,45,7425,"0.47",2541,"0.333",4884,"0.541",1910,"0.699",835,2985,2096,618,440,1284,1701,9165
"2019-20","Los Angeles Lakers",52,19,6269,"0.48",2242,"0.349",4027,"0.552",1728,"0.729",757,2490,1803,612,468,1077,1471,8054
"2020-21","Los Angeles Lakers",42,30,6197,"0.472",2248,"0.354",3949,"0.539",1679,"0.739",695,2490,1775,562,386,1095,1377,7887
"2021-22","Los Angeles Lakers",33,49,7279,"0.469",2826,"0.347",4453,"0.546",1884,"0.732",782,2826,1968,626,425,1191,1654,9192
"2022-23","Los Angeles Lakers",43,39,7298,"0.482",2558,"0.346",4740,"0.555",2182,"0.775",818,2930,2072,526,378,1154,1466,9608
"2000-01","Vancouver Grizzlies",23,59,6539,"0.439",947,"0.343",5592,"0.455",1892,"0.77",894,2431,1899,586,359,1291,1733,7522
"2001-02","Memphis Grizzlies",23,59,6535,"0.436",1096,"0.307",5439,"0.462",1883,"0.708",984,2413,1785,646,488,1344,1571,7372
"2002-03","Memphis Grizzlies",28,54,6743,"0.452",1279,"0.365",5464,"0.473",1936,"0.739",943,2466,1892,651,500,1262,1678,7995
"2003-04","Memphis Grizzlies",50,32,6657,"0.445",1314,"0.34",5343,"0.471",2143,"0.727",1047,2381,1915,795,565,1226,1903,7930
"2004-05","Memphis Grizzlies",45,37,6271,"0.447",1486,"0.357",4785,"0.475",2024,"0.754",887,2307,1716,699,476,1197,1910,7661
"2005-06","Memphis Grizzlies",49,33,6125,"0.448",1578,"0.374",4547,"0.474",2077,"0.711",834,2379,1586,600,442,1134,1757,7558
"2006-07","Memphis Grizzlies",22,60,6448,"0.465",1362,"0.367",5086,"0.491",2410,"0.761",866,2375,1680,564,407,1343,1827,8331
"2007-08","Memphis Grizzlies",22,60,6737,"0.454",1779,"0.349",4958,"0.492",2097,"0.723",848,2567,1574,503,386,1251,1592,8257
"2008-09","Memphis Grizzlies",24,58,6311,"0.454",1106,"0.36",5205,"0.474",2077,"0.756",847,2337,1423,615,385,1252,1777,7698
"2009-10","Memphis Grizzlies",40,42,6875,"0.469",1020,"0.337",5855,"0.492",2202,"0.733",1070,2496,1543,645,399,1248,1655,8404
"2010-11","Memphis Grizzlies",46,36,6801,"0.471",926,"0.334",5875,"0.492",1981,"0.75",970,2391,1691,771,441,1145,1705,8195
"2011-12","Memphis Grizzlies",41,25,5422,"0.447",849,"0.326",4573,"0.47",1504,"0.759",831,1944,1290,631,345,955,1316,6269
"2012-13","Memphis Grizzlies",56,26,6679,"0.444",1107,"0.345",5572,"0.463",1746,"0.773",1059,2445,1715,703,436,1144,1660,7659
"2013-14","Memphis Grizzlies",50,32,6723,"0.464",1147,"0.353",5576,"0.487",1666,"0.741",950,2526,1792,631,375,1124,1568,7884
"2014-15","Memphis Grizzlies",55,27,6763,"0.458",1246,"0.339",5517,"0.485",1869,"0.773",856,2634,1777,700,347,1094,1567,8062
"2015-16","Memphis Grizzlies",42,40,6859,"0.44",1521,"0.331",5338,"0.471",2024,"0.783",916,2497,1697,724,350,1090,1783,8126
"2016-17","Memphis Grizzlies",43,39,6854,"0.435",2169,"0.354",4685,"0.473",1918,"0.784",886,2621,1744,653,344,1059,1840,8239
"2017-18","Memphis Grizzlies",22,60,6788,"0.444",2152,"0.352",4636,"0.486",1732,"0.786",779,2544,1767,613,396,1227,1900,8145
"2018-19","Memphis Grizzlies",33,49,6924,"0.45",2368,"0.342",4556,"0.505",1882,"0.772",723,2703,1963,684,448,1147,1801,8490
"2019-20","Memphis Grizzlies",34,39,6634,"0.468",2297,"0.347",4337,"0.532",1589,"0.763",754,2643,1965,576,398,1113,1546,8222
"2020-21","Memphis Grizzlies",38,34,6608,"0.467",2258,"0.356",4350,"0.525",1536,"0.771",803,2543,1938,655,364,957,1349,8157
"2021-22","Memphis Grizzlies",56,26,7739,"0.461",2679,"0.353",5060,"0.519",1898,"0.734",1159,2873,2131,800,533,1082,1620,9480
"2022-23","Memphis Grizzlies",51,31,7551,"0.475",2807,"0.351",4744,"0.548",1954,"0.733",988,2835,2135,680,473,1116,1643,9587
"2011-12","Milwaukee Bucks",31,35,5652,"0.443",1265,"0.345",4387,"0.471",1415,"0.774",820,1983,1550,548,335,929,1273,6535
"2012-13","Milwaukee Bucks",38,44,7197,"0.435",1670,"0.36",5527,"0.457",1700,"0.736",1068,2537,1876,685,550,1156,1554,8108
"2013-14","Milwaukee Bucks",15,67,6737,"0.438",1553,"0.353",5184,"0.464",1843,"0.747",971,2399,1760,541,403,1238,1713,7829
"2014-15","Milwaukee Bucks",41,41,6722,"0.459",1500,"0.363",5222,"0.486",1734,"0.757",876,2574,1932,789,403,1373,1814,8023
"2015-16","Milwaukee Bucks",33,49,6740,"0.467",1277,"0.345",5463,"0.495",1863,"0.747",858,2559,1895,672,475,1247,1695,8122
"2016-17","Milwaukee Bucks",42,40,6715,"0.474",1946,"0.37",4769,"0.516",1839,"0.768",723,2589,1984,666,436,1145,1660,8497
"2017-18","Milwaukee Bucks",44,38,6807,"0.478",2024,"0.355",4783,"0.531",1915,"0.783",688,2579,1905,722,443,1134,1752,8731
"2018-19","Milwaukee Bucks",60,22,7471,"0.476",3134,"0.353",4337,"0.565",1904,"0.773",762,3316,2136,615,486,1137,1608,9686
"2019-20","Milwaukee Bucks",56,17,6638,"0.476",2840,"0.355",3798,"0.567",1800,"0.742",691,3083,1889,526,429,1102,1431,8663
"2020-21","Milwaukee Bucks",46,26,6610,"0.487",2669,"0.389",3941,"0.554",1539,"0.76",741,2724,1834,585,334,995,1244,8649
"2021-22","Milwaukee Bucks",51,31,7331,"0.468",3151,"0.366",4180,"0.544",1881,"0.776",840,2990,1960,623,326,1100,1494,9470
"2022-23","Milwaukee Bucks",58,24,7411,"0.473",3306,"0.368",4105,"0.557",1837,"0.743",914,3074,2115,521,403,1199,1481,9589
"2000-01","Milwaukee Bucks",52,30,6798,"0.458",1481,"0.379",5317,"0.48",1874,"0.787",975,2500,1844,672,386,1123,1928,8260
"2001-02","Milwaukee Bucks",41,41,6577,"0.462",1583,"0.375",4994,"0.49",1767,"0.748",841,2557,1847,596,388,1157,1788,7996
"2002-03","Milwaukee Bucks",42,40,6670,"0.457",1526,"0.383",5144,"0.478",1911,"0.776",876,2367,1823,622,344,1044,1820,8158
"2003-04","Milwaukee Bucks",41,41,6650,"0.447",1145,"0.35",5505,"0.467",2192,"0.775",960,2502,1872,554,383,1110,1668,8039
"2004-05","Milwaukee Bucks",30,52,6580,"0.45",925,"0.351",5655,"0.467",2229,"0.772",985,2405,1720,529,289,1132,1797,7973
"2005-06","Milwaukee Bucks",40,42,6566,"0.453",1335,"0.38",5231,"0.472",2115,"0.738",929,2448,1769,597,270,1197,1902,8020
"2006-07","Milwaukee Bucks",28,54,6714,"0.465",1472,"0.356",5242,"0.495",1919,"0.733",941,2272,1771,587,224,1240,1821,8172
"2007-08","Milwaukee Bucks",26,56,6745,"0.449",1313,"0.344",5432,"0.474",1980,"0.733",1055,2363,1760,544,361,1210,1748,7956
"2008-09","Milwaukee Bucks",34,48,6755,"0.445",1408,"0.363",5347,"0.467",2067,"0.78",973,2367,1802,609,308,1154,1986,8142
"2009-10","Milwaukee Bucks",46,36,6998,"0.436",1813,"0.356",5185,"0.464",1675,"0.755",965,2560,1740,580,385,1085,1823,8009
"2010-11","Milwaukee Bucks",35,47,6544,"0.43",1414,"0.342",5130,"0.454",1881,"0.757",862,2480,1545,617,399,1103,1682,7534
"2000-01","Minnesota Timberwolves",47,35,6871,"0.458",901,"0.357",5970,"0.473",1737,"0.785",1002,2470,2083,682,456,1136,1900,7982
"2001-02","Minnesota Timberwolves",50,32,6887,"0.461",1047,"0.378",5840,"0.476",1754,"0.798",1059,2562,1993,524,427,1097,1739,8145
"2002-03","Minnesota Timberwolves",51,31,6809,"0.466",804,"0.368",6005,"0.479",1826,"0.77",959,2614,2070,553,433,1124,1704,8046
"2003-04","Minnesota Timberwolves",58,24,6571,"0.462",897,"0.363",5674,"0.477",1743,"0.781",875,2645,1890,561,462,1043,1731,7753
"2004-05","Minnesota Timberwolves",44,38,6629,"0.459",1145,"0.345",5484,"0.483",1820,"0.796",947,2580,1918,460,447,1079,1774,7934
"2005-06","Minnesota Timberwolves",33,49,6340,"0.456",942,"0.329",5398,"0.478",1895,"0.758",811,2422,1716,559,471,1189,1889,7522
"2006-07","Minnesota Timberwolves",32,50,6503,"0.461",1089,"0.353",5414,"0.483",1892,"0.792",819,2474,1848,532,325,1278,1758,7877
"2007-08","Minnesota Timberwolves",22,60,6817,"0.451",1259,"0.35",5558,"0.474",1693,"0.736",964,2428,1630,616,306,1188,1885,7839
"2008-09","Minnesota Timberwolves",24,58,6766,"0.441",1539,"0.353",5227,"0.467",1957,"0.769",975,2442,1674,512,322,1165,1785,8019
"2009-10","Minnesota Timberwolves",15,67,6923,"0.449",1181,"0.341",5742,"0.471",1926,"0.746",962,2556,1626,597,306,1333,1699,8051
"2010-11","Minnesota Timberwolves",17,65,7014,"0.441",1565,"0.376",5449,"0.459",1977,"0.768",1085,2556,1650,592,422,1398,1825,8288
"2011-12","Minnesota Timberwolves",26,40,5434,"0.433",1423,"0.332",4011,"0.469",1662,"0.771",797,2089,1290,436,293,1001,1212,6464
"2012-13","Minnesota Timberwolves",31,51,6702,"0.439",1475,"0.305",5227,"0.477",2042,"0.742",973,2473,1836,700,387,1214,1509,7851
"2013-14","Minnesota Timberwolves",40,42,7175,"0.444",1757,"0.341",5418,"0.478",2301,"0.778",1024,2644,1963,718,297,1142,1504,8768
"2014-15","Minnesota Timberwolves",16,66,6820,"0.438",1223,"0.332",5597,"0.461",2110,"0.776",949,2406,1771,668,327,1231,1571,8016
"2015-16","Minnesota Timberwolves",29,53,6668,"0.464",1347,"0.338",5321,"0.496",2213,"0.792",821,2587,1916,656,375,1231,1696,8398
"2016-17","Minnesota Timberwolves",31,51,6922,"0.467",1723,"0.349",5199,"0.507",1986,"0.799",938,2540,1940,654,370,1150,1646,8657
"2017-18","Minnesota Timberwolves",47,35,7063,"0.476",1845,"0.357",5218,"0.519",1980,"0.804",848,2593,1861,689,345,1021,1495,8980
"2018-19","Minnesota Timberwolves",36,46,7483,"0.456",2357,"0.351",5126,"0.504",1995,"0.787",923,2750,2018,683,411,1074,1664,9223
"2019-20","Minnesota Timberwolves",19,45,5865,"0.441",2540,"0.336",3325,"0.521",1624,"0.753",675,2193,1525,555,362,981,1370,7248
"2020-21","Minnesota Timberwolves",23,49,6546,"0.448",2706,"0.349",3840,"0.518",1662,"0.761",757,2376,1846,632,398,1027,1507,8073
"2021-22","Minnesota Timberwolves",46,36,7458,"0.457",3386,"0.358",4072,"0.54",1894,"0.778",921,2700,2106,721,460,1175,1786,9507
"2022-23","Minnesota Timberwolves",42,40,7167,"0.49",2731,"0.365",4436,"0.568",1942,"0.755",749,2686,2145,657,444,1258,1768,9494
"2002-03","New Orleans Hornets",47,35,6695,"0.435",1075,"0.376",5620,"0.447",1910,"0.768",1097,2475,1807,656,394,1212,1769,7699
"2003-04","New Orleans Hornets",41,41,6605,"0.42",1666,"0.319",4939,"0.454",1937,"0.751",1091,2418,1716,708,346,1228,1715,7529
"2004-05","New Orleans Hornets",18,64,6556,"0.415",1316,"0.315",5240,"0.44",1830,"0.766",1019,2281,1724,550,310,1217,1883,7252
"2005-06","New Orleans/Oklahoma City Hornets",38,44,6428,"0.44",885,"0.339",5543,"0.457",2176,"0.758",918,2379,1519,611,311,1095,1786,7611
"2006-07","New Orleans/Oklahoma City Hornets",39,43,6674,"0.445",1256,"0.362",5418,"0.464",1941,"0.74",1025,2512,1537,522,347,1187,1620,7833
"2007-08","New Orleans Hornets",56,26,6796,"0.466",1621,"0.389",5175,"0.49",1707,"0.769",937,2494,1785,637,321,974,1531,8270
"2008-09","New Orleans Hornets",49,33,6366,"0.457",1526,"0.364",4840,"0.487",1833,"0.807",802,2453,1609,593,338,1029,1665,7857
"2009-10","New Orleans Hornets",37,45,6842,"0.464",1572,"0.363",5270,"0.495",1661,"0.778",852,2450,1828,625,300,1103,1606,8220
"2010-11","New Orleans Hornets",46,36,6416,"0.459",1232,"0.36",5184,"0.482",1897,"0.765",824,2468,1691,624,359,1069,1719,7784
"2011-12","New Orleans Hornets",21,45,5103,"0.451",777,"0.333",4326,"0.472",1397,"0.757",724,1991,1368,488,316,1024,1324,5916
"2012-13","New Orleans Hornets",27,55,6589,"0.448",1474,"0.363",5115,"0.473",1636,"0.776",988,2426,1721,520,440,1193,1673,7714
"2013-14","New Orleans Pelicans",34,48,6761,"0.459",1303,"0.373",5458,"0.479",1936,"0.769",933,2486,1745,647,523,1129,1857,8177
"2014-15","New Orleans Pelicans",45,37,6795,"0.457",1583,"0.37",5212,"0.484",1790,"0.751",942,2621,1806,553,510,1087,1530,8147
"2015-16","New Orleans Pelicans",30,52,7040,"0.448",1951,"0.36",5089,"0.482",1823,"0.776",782,2712,1818,633,342,1102,1713,8423
"2016-17","New Orleans Pelicans",34,48,7130,"0.45",2196,"0.35",4934,"0.495",1825,"0.75",703,2879,1869,638,453,1054,1490,8556
"2017-18","New Orleans Pelicans",48,34,7241,"0.483",2312,"0.362",4929,"0.54",1716,"0.772",712,2924,2195,657,485,1223,1570,9161
"2018-19","New Orleans Pelicans",33,49,7563,"0.473",2449,"0.344",5114,"0.536",1921,"0.761",909,2969,2216,610,441,1215,1732,9466
"2019-20","New Orleans Pelicans",30,42,6598,"0.465",2656,"0.37",3942,"0.528",1687,"0.729",797,2551,1932,539,358,1181,1524,8341
"2020-21","New Orleans Pelicans",31,41,6412,"0.477",2190,"0.348",4222,"0.544",1878,"0.729",845,2568,1872,545,315,1052,1295,8251
"2021-22","New Orleans Pelicans",36,46,7212,"0.457",2629,"0.332",4583,"0.528",1903,"0.789",981,2726,2047,680,328,1153,1612,8962
"2022-23","New Orleans Pelicans",42,40,7180,"0.48",2468,"0.364",4712,"0.541",2000,"0.793",866,2717,2122,681,337,1196,1678,9378
"2000-01","New York Knicks",48,34,6198,"0.444",1115,"0.351",5083,"0.465",1727,"0.796",773,2524,1520,545,346,1189,1863,7275
"2001-02","New York Knicks",30,52,6520,"0.432",1344,"0.353",5176,"0.453",1786,"0.787",876,2458,1720,558,288,1192,1800,7514
"2002-03","New York Knicks",37,45,6725,"0.441",1582,"0.383",5143,"0.459",1620,"0.815",842,2376,1800,579,255,1149,1888,7860
"2003-04","New York Knicks",39,43,6513,"0.442",1115,"0.364",5398,"0.459",1732,"0.793",950,2543,1695,608,391,1289,1897,7542
"2004-05","New York Knicks",33,49,6599,"0.451",1240,"0.356",5359,"0.473",2060,"0.767",965,2393,1665,629,260,1204,1942,7977
"2005-06","New York Knicks",23,59,6206,"0.455",884,"0.362",5322,"0.47",2587,"0.726",1034,2360,1468,555,271,1449,2157,7842
"2006-07","New York Knicks",33,49,6356,"0.457",1370,"0.346",4986,"0.487",2396,"0.715",1032,2516,1532,543,260,1405,1932,7994
"2007-08","New York Knicks",23,59,6757,"0.439",1454,"0.337",5303,"0.467",2095,"0.727",1029,2457,1530,521,213,1187,1761,7948
"2008-09","New York Knicks",32,50,7091,"0.445",2284,"0.36",4807,"0.486",1900,"0.784",911,2545,1738,610,204,1174,1672,8627
"2009-10","New York Knicks",29,53,6876,"0.455",2145,"0.346",4731,"0.504",1759,"0.782",836,2477,1772,586,305,1148,1638,8373
"2010-11","New York Knicks",42,40,6867,"0.457",2081,"0.368",4786,"0.496",2087,"0.809",847,2470,1757,625,475,1123,1743,8734
"2011-12","New York Knicks",36,30,5335,"0.443",1538,"0.336",3797,"0.487",1634,"0.741",743,2012,1328,622,276,1056,1391,6458
"2012-13","New York Knicks",54,28,6689,"0.448",2371,"0.376",4318,"0.487",1729,"0.759",890,2436,1579,672,294,988,1650,8196
"2013-14","New York Knicks",37,45,6739,"0.449",2038,"0.372",4701,"0.482",1670,"0.761",870,2437,1641,631,367,1063,1815,8084
"2014-15","New York Knicks",17,65,6726,"0.428",1614,"0.347",5112,"0.454",1575,"0.769",867,2443,1746,575,382,1206,1768,7535
"2015-16","New York Knicks",32,50,6886,"0.439",1762,"0.346",5124,"0.471",1753,"0.805",850,2788,1682,467,466,1099,1616,8065
"2016-17","New York Knicks",31,51,7256,"0.447",2022,"0.348",5234,"0.485",1731,"0.788",983,2723,1786,581,455,1139,1668,8556
"2017-18","New York Knicks",29,53,7193,"0.464",1914,"0.352",5279,"0.504",1557,"0.787",859,2752,1912,552,421,1207,1682,8566
"2018-19","New York Knicks",17,65,7241,"0.433",2421,"0.34",4820,"0.479",1956,"0.759",857,2811,1646,557,422,1151,1713,8575
"2019-20","New York Knicks",21,45,5896,"0.447",1872,"0.337",4024,"0.499",1550,"0.694",795,2274,1456,504,313,946,1464,6983
"2020-21","New York Knicks",41,31,6225,"0.456",2163,"0.392",4062,"0.49",1506,"0.784",696,2554,1541,507,365,932,1473,7706
"2021-22","New York Knicks",37,45,7069,"0.437",3029,"0.357",4040,"0.497",1980,"0.744",941,2841,1793,570,399,1087,1672,8731
"2022-23","New York Knicks",47,35,7328,"0.47",2930,"0.354",4398,"0.547",2087,"0.761",1031,2790,1880,527,340,1065,1666,9514
"2000-01","Seattle SuperSonics",44,38,6649,"0.456",1169,"0.399",5480,"0.468",1986,"0.732",999,2422,1792,657,409,1252,1733,7978
"2001-02","Seattle SuperSonics",45,37,6681,"0.469",1292,"0.378",5389,"0.49",1672,"0.755",968,2333,1926,698,364,1124,1732,8014
"2002-03","Seattle SuperSonics",40,42,6599,"0.437",1291,"0.353",5308,"0.458",1780,"0.744",963,2385,1775,679,295,1085,1712,7555
"2003-04","Seattle SuperSonics",37,45,6590,"0.446",1936,"0.373",4654,"0.476",1782,"0.765",907,2318,1782,661,387,1188,1784,7964
"2004-05","Seattle SuperSonics",52,30,6498,"0.444",1824,"0.365",4674,"0.474",2131,"0.79",1041,2311,1487,553,338,1113,1944,8113
"2005-06","Seattle SuperSonics",35,47,6711,"0.459",1631,"0.371",5080,"0.487",2104,"0.785",1013,2233,1696,622,306,1208,1933,8411
"2006-07","Seattle SuperSonics",31,51,6628,"0.46",1451,"0.362",5177,"0.487",1911,"0.791",928,2322,1695,631,301,1268,1801,8130
"2007-08","Seattle SuperSonics",20,62,7032,"0.444",939,"0.333",6093,"0.462",1866,"0.77",971,2688,1748,531,400,1310,1680,7999
"2008-09","Oklahoma City Thunder",23,59,6716,"0.447",949,"0.346",5767,"0.463",2069,"0.786",999,2497,1663,608,371,1330,1655,7952
"2009-10","Oklahoma City Thunder",50,32,6629,"0.462",1229,"0.34",5400,"0.49",2210,"0.805",960,2607,1639,654,481,1227,1743,8322
"2010-11","Oklahoma City Thunder",55,27,6609,"0.464",1403,"0.347",5206,"0.495",2401,"0.823",903,2604,1672,654,487,1156,1836,8596
"2011-12","Oklahoma City Thunder",47,19,5229,"0.471",1317,"0.358",3912,"0.509",1744,"0.806",726,2157,1224,498,539,1079,1352,6802
"2012-13","Oklahoma City Thunder",60,22,6504,"0.481",1588,"0.377",4916,"0.514",2196,"0.828",854,2725,1753,679,624,1253,1654,8669
"2013-14","Oklahoma City Thunder",59,23,6782,"0.471",1839,"0.361",4943,"0.512",2052,"0.806",887,2781,1794,678,501,1256,1858,8705
"2014-15","Oklahoma City Thunder",45,37,7119,"0.447",1864,"0.339",5255,"0.486",2020,"0.754",1052,2844,1681,598,454,1205,1829,8524
"2015-16","Oklahoma City Thunder",55,27,7082,"0.476",1945,"0.349",5137,"0.524",2067,"0.782",1071,2916,1883,603,487,1305,1691,9038
"2016-17","Oklahoma City Thunder",47,35,7169,"0.452",2116,"0.327",5053,"0.504",2113,"0.745",1002,2821,1721,648,408,1230,1715,8741
"2017-18","Oklahoma City Thunder",48,34,7221,"0.453",2491,"0.354",4730,"0.505",1985,"0.716",1024,2671,1750,743,412,1147,1653,8844
"2018-19","Oklahoma City Thunder",49,33,7706,"0.454",2677,"0.348",5029,"0.51",2049,"0.713",1031,2911,1917,766,425,1145,1839,9387
"2019-20","Oklahoma City Thunder",44,28,6156,"0.468",2171,"0.355",3985,"0.529",1787,"0.796",593,2495,1562,550,353,986,1390,7950
"2020-21","Oklahoma City Thunder",22,50,6338,"0.441",2529,"0.339",3809,"0.509",1536,"0.725",715,2568,1588,504,316,1162,1305,7560
"2021-22","Oklahoma City Thunder",24,58,7310,"0.43",3066,"0.323",4244,"0.507",1632,"0.756",854,2887,1822,622,380,1145,1497,8506
"2022-23","Oklahoma City Thunder",40,42,7590,"0.465",2797,"0.356",4793,"0.53",1944,"0.809",934,2645,2002,676,341,1069,1722,9633
"2000-01","Orlando Magic",43,39,6873,"0.438",1346,"0.364",5527,"0.456",2068,"0.714",1069,2450,1803,674,481,1245,2071,7992
"2001-02","Orlando Magic",44,38,6893,"0.448",1660,"0.373",5233,"0.471",1917,"0.754",942,2440,1804,665,384,1119,1700,8240
"2002-03","Orlando Magic",42,40,6763,"0.436",1590,"0.357",5173,"0.46",2079,"0.777",958,2392,1676,696,300,1177,1888,8078
"2003-04","Orlando Magic",21,61,6768,"0.429",1248,"0.344",5520,"0.448",2000,"0.737",1003,2350,1584,547,308,1123,1744,7711
"2004-05","Orlando Magic",36,46,6679,"0.454",916,"0.349",5763,"0.471",2335,"0.759",1038,2544,1583,633,441,1322,1937,8160
"2005-06","Orlando Magic",36,46,6167,"0.472",796,"0.376",5371,"0.486",2277,"0.73",892,2402,1495,532,362,1240,1908,7784
"2006-07","Orlando Magic",40,42,6090,"0.472",962,"0.356",5128,"0.494",2393,"0.702",920,2418,1525,565,416,1392,1904,7771
"2007-08","Orlando Magic",52,30,6446,"0.474",2074,"0.386",4372,"0.516",2288,"0.721",768,2677,1706,520,333,1173,1688,8567
"2008-09","Orlando Magic",59,23,6416,"0.457",2147,"0.381",4269,"0.495",2253,"0.715",819,2728,1593,570,439,1142,1664,8286
"2009-10","Orlando Magic",59,23,6394,"0.47",2241,"0.375",4153,"0.521",2176,"0.724",810,2736,1615,512,456,1155,1629,8426
"2010-11","Orlando Magic",52,30,6411,"0.461",2103,"0.366",4308,"0.507",2101,"0.692",864,2679,1636,548,384,1224,1640,8135
"2011-12","Orlando Magic",37,29,5162,"0.441",1785,"0.375",3377,"0.475",1508,"0.66",742,2060,1321,451,275,984,1168,6215
"2012-13","Orlando Magic",20,62,6904,"0.448",1537,"0.329",5367,"0.482",1359,"0.755",890,2612,1871,528,358,1191,1591,7718
"2013-14","Orlando Magic",23,59,6784,"0.445",1596,"0.353",5188,"0.474",1714,"0.763",794,2654,1726,630,350,1222,1678,7914
"2014-15","Orlando Magic",25,57,6792,"0.453",1598,"0.347",5194,"0.486",1565,"0.729",822,2607,1692,647,314,1221,1714,7847
"2015-16","Orlando Magic",35,47,7120,"0.455",1818,"0.35",5302,"0.492",1649,"0.757",843,2709,1933,673,417,1155,1701,8369
"2016-17","Orlando Magic",29,53,7133,"0.44",2139,"0.328",4994,"0.488",1753,"0.747",807,2734,1820,580,396,1091,1584,8288
"2017-18","Orlando Magic",25,57,7042,"0.452",2405,"0.351",4637,"0.504",1678,"0.757",722,2692,1921,622,400,1192,1579,8479
"2018-19","Orlando Magic",42,40,7307,"0.454",2633,"0.356",4674,"0.509",1575,"0.782",822,2902,2095,543,445,1082,1526,8800
"2019-20","Orlando Magic",33,40,6468,"0.444",2354,"0.343",4114,"0.502",1656,"0.774",751,2498,1747,599,396,937,1336,7831
"2020-21","Orlando Magic",21,51,6423,"0.429",2288,"0.343",4135,"0.476",1543,"0.775",747,2525,1571,496,318,924,1237,7488
"2021-22","Orlando Magic",22,60,7240,"0.434",3022,"0.331",4218,"0.507",1614,"0.787",746,2885,1947,555,367,1188,1612,8547
"2022-23","Orlando Magic",34,48,7074,"0.47",2551,"0.346",4523,"0.539",2050,"0.784",833,2713,1906,603,382,1236,1652,9136
"2000-01","Philadelphia 76ers",56,26,6487,"0.447",803,"0.326",5684,"0.464",2277,"0.745",1075,2600,1692,690,408,1292,1673,7763
"2001-02","Philadelphia 76ers",43,39,6436,"0.436",715,"0.299",5721,"0.453",2104,"0.779",1092,2534,1638,705,363,1256,1645,7461
"2002-03","Philadelphia 76ers",48,34,6640,"0.448",787,"0.311",5853,"0.466",2253,"0.775",1042,2415,1771,844,284,1212,1804,7941
"2003-04","Philadelphia 76ers",33,49,6260,"0.428",992,"0.342",5268,"0.445",2009,"0.753",941,2408,1640,654,358,1307,1701,7215
"2004-05","Philadelphia 76ers",43,39,6736,"0.437",1453,"0.348",5283,"0.462",2194,"0.789",909,2536,1710,756,321,1274,1878,8128
"2005-06","Philadelphia 76ers",38,44,6546,"0.458",1031,"0.364",5515,"0.476",2330,"0.76",873,2425,1653,651,404,1159,1712,8147
"2006-07","Philadelphia 76ers",35,47,6408,"0.458",823,"0.345",5585,"0.474",2135,"0.767",899,2353,1669,590,390,1258,1671,7785
"2007-08","Philadelphia 76ers",40,42,6648,"0.46",952,"0.317",5696,"0.483",2137,"0.706",1067,2370,1673,712,400,1172,1620,7923
"2008-09","Philadelphia 76ers",41,41,6532,"0.459",1072,"0.318",5460,"0.486",2216,"0.745",1039,2336,1647,658,415,1157,1650,7987
"2009-10","Philadelphia 76ers",27,55,6706,"0.46",1381,"0.343",5325,"0.491",1808,"0.756",941,2421,1723,667,439,1192,1677,8014
"2010-11","Philadelphia 76ers",41,41,6776,"0.461",1248,"0.355",5528,"0.485",1851,"0.77",850,2578,1861,621,355,1063,1592,8119
"2011-12","Philadelphia 76ers",35,31,5516,"0.448",963,"0.362",4553,"0.466",1198,"0.742",704,2144,1453,526,340,738,1157,6180
"2012-13","Philadelphia 76ers",34,48,6895,"0.444",1438,"0.36",5457,"0.466",1377,"0.729",896,2493,1867,609,384,1070,1505,7640
"2013-14","Philadelphia 76ers",19,63,7150,"0.435",1847,"0.312",5303,"0.477",1918,"0.71",949,2556,1791,765,330,1384,1844,8155
"2014-15","Philadelphia 76ers",18,64,6777,"0.408",2160,"0.32",4617,"0.449",1953,"0.676",978,2536,1683,789,487,1453,1778,7542
"2015-16","Philadelphia 76ers",10,72,6887,"0.431",2255,"0.339",4632,"0.476",1850,"0.694",777,2605,1765,680,495,1343,1780,7988
"2016-17","Philadelphia 76ers",28,54,6992,"0.442",2443,"0.34",4549,"0.496",1806,"0.771",807,2706,1949,692,420,1366,1793,8400
"2017-18","Philadelphia 76ers",52,30,7098,"0.472",2445,"0.369",4653,"0.526",1868,"0.752",893,2996,2221,682,420,1353,1811,9004
"2018-19","Philadelphia 76ers",51,31,7233,"0.471",2474,"0.359",4759,"0.529",2258,"0.771",892,3025,2207,606,432,1223,1745,9445
"2019-20","Philadelphia 76ers",43,30,6417,"0.468",2307,"0.368",4110,"0.524",1638,"0.755",764,2553,1884,586,389,1037,1529,8084
"2020-21","Philadelphia 76ers",49,23,6257,"0.476",2169,"0.374",4088,"0.531",1836,"0.767",722,2522,1706,655,447,1040,1456,8182
"2021-22","Philadelphia 76ers",51,31,6932,"0.466",2608,"0.364",4324,"0.527",1955,"0.821",700,2770,1945,633,435,1027,1590,9015
"2022-23","Philadelphia 76ers",54,28,6870,"0.487",2675,"0.387",4195,"0.551",2058,"0.835",715,2641,2063,635,389,1121,1675,9448
"2000-01","Phoenix Suns",51,31,6757,"0.436",1054,"0.315",5703,"0.458",1973,"0.755",970,2529,1905,775,429,1250,1864,7710
"2001-02","Phoenix Suns",36,46,6934,"0.447",1096,"0.327",5838,"0.469",1630,"0.767",1072,2430,1838,668,401,1205,1785,7802
"2002-03","Phoenix Suns",44,38,6776,"0.443",1149,"0.343",5627,"0.464",1928,"0.742",1049,2440,1719,665,404,1208,1801,7834
"2003-04","Phoenix Suns",29,53,6671,"0.443",1202,"0.345",5469,"0.465",1865,"0.746",924,2406,1586,734,383,1249,1862,7723
"2004-05","Phoenix Suns",62,20,7018,"0.477",2026,"0.393",4992,"0.512",2080,"0.748",967,2652,1927,572,453,1125,1563,9054
"2005-06","Phoenix Suns",54,28,7167,"0.479",2097,"0.399",5070,"0.511",1475,"0.806",778,2650,2179,549,412,1088,1683,8886
"2006-07","Phoenix Suns",61,21,6855,"0.494",1965,"0.399",4890,"0.532",1827,"0.808",737,2583,2122,553,394,1189,1659,9037
"2007-08","Phoenix Suns",55,27,6782,"0.5",1764,"0.393",5018,"0.538",1977,"0.783",720,2683,2188,532,518,1184,1633,9026
"2008-09","Phoenix Suns",46,36,6695,"0.504",1445,"0.383",5250,"0.537",2251,"0.744",900,2520,1905,589,420,1288,1691,8974
"2009-10","Phoenix Suns",54,28,6788,"0.492",1770,"0.412",5018,"0.52",2117,"0.77",910,2616,1912,479,418,1210,1713,9039
"2010-11","Phoenix Suns",40,42,6844,"0.47",1857,"0.377",4987,"0.505",1939,"0.759",821,2478,1945,545,357,1169,1666,8611
"2011-12","Phoenix Suns",33,33,5445,"0.458",1295,"0.343",4150,"0.494",1397,"0.757",717,2035,1486,431,366,928,1233,6492
"2012-13","Phoenix Suns",25,57,6917,"0.443",1455,"0.33",5462,"0.473",1618,"0.744",959,2454,1855,659,434,1278,1688,7805
"2013-14","Phoenix Suns",48,34,6845,"0.463",2055,"0.372",4790,"0.503",2004,"0.758",928,2601,1563,688,374,1258,1798,8629
"2014-15","Phoenix Suns",39,43,7038,"0.452",2048,"0.341",4990,"0.497",1767,"0.76",896,2643,1659,700,385,1238,1744,8397
"2015-16","Phoenix Suns",23,59,7018,"0.435",2118,"0.348",4900,"0.472",1905,"0.751",943,2733,1701,632,313,1410,1858,8271
"2016-17","Phoenix Suns",24,58,7260,"0.45",1854,"0.332",5406,"0.491",2159,"0.776",976,2712,1604,673,399,1265,2030,8831
"2017-18","Phoenix Suns",21,61,7141,"0.442",2286,"0.334",4855,"0.492",1962,"0.741",842,2776,1743,569,370,1289,1807,8522
"2018-19","Phoenix Suns",19,63,7164,"0.459",2400,"0.329",4764,"0.525",1858,"0.779",748,2563,1957,735,418,1279,1932,8815
"2019-20","Phoenix Suns",34,39,6429,"0.468",2320,"0.358",4109,"0.529",1740,"0.834",712,2465,1987,559,290,1077,1609,8294
"2020-21","Phoenix Suns",51,21,6357,"0.49",2490,"0.378",3867,"0.563",1347,"0.834",630,2462,1939,517,312,902,1374,8300
"2021-22","Phoenix Suns",64,18,7389,"0.485",2616,"0.364",4773,"0.551",1635,"0.797",801,2913,2244,702,359,1060,1633,9416
"2022-23","Phoenix Suns",45,37,7388,"0.467",2674,"0.374",4714,"0.52",1781,"0.793",971,2657,2235,585,432,1110,1739,9319
"2000-01","Portland Trail Blazers",50,32,6417,"0.468",1057,"0.349",5360,"0.492",1899,"0.762",960,2481,1963,672,419,1257,1745,7824
"2001-02","Portland Trail Blazers",49,33,6671,"0.45",1318,"0.354",5353,"0.474",1901,"0.763",1085,2444,1926,702,368,1172,1613,7925
"2002-03","Portland Trail Blazers",50,32,6491,"0.46",1150,"0.33",5341,"0.488",1947,"0.745",992,2378,1860,725,316,1248,1634,7803
"2003-04","Portland Trail Blazers",41,41,6467,"0.448",1102,"0.346",5365,"0.469",1728,"0.731",1040,2376,1768,613,443,1213,1554,7440
"2004-05","Portland Trail Blazers",27,55,6422,"0.451",1161,"0.362",5261,"0.471",1944,"0.725",970,2404,1722,583,544,1308,1703,7621
"2005-06","Portland Trail Blazers",21,61,6267,"0.445",1042,"0.349",5225,"0.464",1944,"0.689",886,2203,1490,529,435,1205,1828,7285
"2006-07","Portland Trail Blazers",32,50,6392,"0.45",1232,"0.346",5160,"0.474",2006,"0.769",923,2299,1513,555,380,1236,1931,7717
"2007-08","Portland Trail Blazers",41,41,6546,"0.448",1426,"0.377",5120,"0.468",1841,"0.767",901,2438,1733,455,360,1056,1642,7820
"2008-09","Portland Trail Blazers",54,28,6494,"0.465",1555,"0.383",4939,"0.49",1988,"0.765",1060,2360,1667,550,402,1055,1671,8153
"2009-10","Portland Trail Blazers",50,32,6453,"0.461",1388,"0.354",5065,"0.49",2033,"0.79",913,2383,1674,523,350,1012,1715,8045
"2010-11","Portland Trail Blazers",48,34,6599,"0.447",1503,"0.345",5096,"0.477",1835,"0.804",996,2230,1736,660,358,1070,1585,7896
"2011-12","Portland Trail Blazers",28,38,5417,"0.443",1382,"0.346",4035,"0.477",1423,"0.796",735,1949,1349,528,322,935,1251,6415
"2012-13","Portland Trail Blazers",33,49,6715,"0.448",1904,"0.353",4811,"0.486",1680,"0.776",874,2474,1784,538,353,1203,1518,7995
"2013-14","Portland Trail Blazers",54,28,7134,"0.45",2071,"0.372",5063,"0.481",1926,"0.815",1022,2786,1904,454,387,1125,1576,8753
"2014-15","Portland Trail Blazers",51,31,7049,"0.45",2231,"0.362",4818,"0.491",1589,"0.801",879,2881,1799,525,372,1117,1494,8429
"2015-16","Portland Trail Blazers",44,38,7040,"0.45",2336,"0.37",4704,"0.49",1889,"0.754",948,2782,1748,562,380,1200,1782,8622
"2016-17","Portland Trail Blazers",41,41,7059,"0.459",2272,"0.375",4787,"0.499",1940,"0.78",830,2750,1733,574,408,1126,1736,8851
"2017-18","Portland Trail Blazers",49,33,7132,"0.452",2308,"0.366",4824,"0.493",1715,"0.8",835,2893,1599,573,423,1109,1599,8661
"2018-19","Portland Trail Blazers",53,29,7427,"0.467",2520,"0.359",4907,"0.523",1914,"0.814",967,2968,1887,546,413,1135,1669,9402
"2019-20","Portland Trail Blazers",35,39,6749,"0.463",2525,"0.377",4224,"0.514",1632,"0.804",754,2599,1525,465,451,946,1606,8508
"2020-21","Portland Trail Blazers",42,30,6558,"0.453",2939,"0.385",3619,"0.509",1558,"0.823",766,2441,1531,496,363,799,1362,8360
"2021-22","Portland Trail Blazers",27,55,7144,"0.442",3017,"0.346",4127,"0.513",1771,"0.76",854,2661,1880,657,366,1187,1728,8711
"2022-23","Portland Trail Blazers",33,49,7001,"0.474",2893,"0.365",4108,"0.55",2021,"0.796",774,2551,1981,553,376,1185,1643,9299
"2000-01","Sacramento Kings",55,27,6969,"0.449",1353,"0.354",5616,"0.472",2075,"0.771",987,2705,1852,793,432,1221,1596,8343
"2001-02","Sacramento Kings",61,21,7003,"0.467",1160,"0.367",5843,"0.486",2154,"0.751",1013,2702,1958,741,375,1128,1560,8578
"2002-03","Sacramento Kings",59,23,6990,"0.464",1288,"0.381",5702,"0.482",1832,"0.746",900,2751,2034,736,457,1192,1666,8342
"2003-04","Sacramento Kings",55,27,6711,"0.462",1498,"0.401",5213,"0.48",2044,"0.795",888,2492,2152,710,325,1137,1586,8433
"2004-05","Sacramento Kings",50,32,6978,"0.459",1396,"0.374",5582,"0.48",2004,"0.787",1023,2455,2005,674,316,1073,1685,8505
"2005-06","Sacramento Kings",44,38,6500,"0.454",1408,"0.351",5092,"0.483",2173,"0.784",852,2473,1825,608,299,1199,1672,8106
"2006-07","Sacramento Kings",33,49,6532,"0.45",1513,"0.35",5019,"0.48",2473,"0.765",797,2396,1665,671,265,1194,1792,8303
"2007-08","Sacramento Kings",38,44,6558,"0.464",1367,"0.373",5191,"0.488",2272,"0.798",829,2456,1567,651,334,1317,1839,8408
"2008-09","Sacramento Kings",17,65,6685,"0.447",1594,"0.368",5091,"0.472",2107,"0.798",840,2366,1619,569,349,1266,1910,8248
"2009-10","Sacramento Kings",25,57,6895,"0.456",1383,"0.349",5512,"0.483",1969,"0.726",977,2518,1679,564,366,1226,1827,8200
"2010-11","Sacramento Kings",24,58,6979,"0.449",1277,"0.335",5702,"0.475",1981,"0.734",1071,2526,1675,608,391,1324,1805,8151
"2011-12","Sacramento Kings",22,44,5712,"0.436",1301,"0.316",4411,"0.471",1532,"0.736",882,1947,1271,561,323,952,1287,6518
"2012-13","Sacramento Kings",28,54,6904,"0.447",1681,"0.363",5223,"0.474",1869,"0.769",943,2385,1708,671,342,1199,1717,8219
"2013-14","Sacramento Kings",28,54,6766,"0.447",1475,"0.333",5291,"0.479",2237,"0.759",990,2656,1547,587,318,1249,1849,8241
"2014-15","Sacramento Kings",29,53,6617,"0.455",1350,"0.341",5267,"0.484",2400,"0.762",895,2728,1667,550,324,1333,1696,8310
"2015-16","Sacramento Kings",33,49,7083,"0.464",1839,"0.359",5244,"0.5",2089,"0.725",868,2760,2009,733,368,1326,1676,8740
"2016-17","Sacramento Kings",32,50,6734,"0.461",1960,"0.376",4774,"0.496",1913,"0.775",715,2652,1844,627,324,1201,1667,8430
"2017-18","Sacramento Kings",27,55,7063,"0.45",1967,"0.375",5096,"0.479",1371,"0.735",777,2578,1768,643,340,1125,1639,8104
"2018-19","Sacramento Kings",39,43,7637,"0.464",2455,"0.378",5182,"0.504",1865,"0.726",906,2819,2083,679,363,1095,1751,9363
"2019-20","Sacramento Kings",31,41,6364,"0.462",2511,"0.364",3853,"0.527",1464,"0.77",695,2372,1713,556,293,1043,1595,7927
"2020-21","Sacramento Kings",31,41,6382,"0.481",2400,"0.364",3982,"0.551",1585,"0.745",674,2307,1836,543,358,963,1400,8189
"2021-22","Sacramento Kings",30,52,7223,"0.46",2722,"0.344",4501,"0.53",1908,"0.768",784,2737,1943,588,369,1156,1552,9045
"2022-23","Sacramento Kings",48,34,7232,"0.494",3060,"0.369",4172,"0.586",2055,"0.79",782,2699,2237,574,275,1106,1616,9898
"2000-01","San Antonio Spurs",58,24,6262,"0.461",1094,"0.407",5168,"0.472",2340,"0.715",902,2712,1778,568,576,1145,1551,7886
"2001-02","San Antonio Spurs",58,24,6363,"0.458",1211,"0.362",5152,"0.48",2249,"0.742",907,2566,1643,625,537,1180,1575,7932
"2002-03","San Antonio Spurs",60,22,6297,"0.462",1270,"0.354",5027,"0.489",2194,"0.725",939,2556,1636,629,529,1295,1672,7856
"2003-04","San Antonio Spurs",57,25,6434,"0.442",1140,"0.358",5294,"0.46",2069,"0.681",1029,2669,1676,661,537,1203,1667,7501
"2004-05","San Antonio Spurs",59,23,6450,"0.453",1395,"0.363",5055,"0.478",2120,"0.724",987,2489,1771,613,543,1126,1717,7888
"2005-06","San Antonio Spurs",63,19,6342,"0.472",1362,"0.385",4980,"0.496",1891,"0.702",851,2548,1717,543,467,1126,1714,7837
"2006-07","San Antonio Spurs",58,24,6328,"0.474",1561,"0.381",4767,"0.504",1980,"0.751",761,2577,1814,587,417,1137,1588,8079
"2007-08","San Antonio Spurs",56,26,6424,"0.457",1610,"0.369",4814,"0.487",1774,"0.761",771,2612,1718,521,337,1035,1537,7820
"2008-09","San Antonio Spurs",54,28,6534,"0.466",1620,"0.386",4914,"0.492",1641,"0.761",728,2638,1736,474,329,963,1546,7958
"2009-10","San Antonio Spurs",50,32,6659,"0.473",1547,"0.358",5112,"0.508",1969,"0.74",887,2621,1829,516,381,1116,1669,8312
"2010-11","San Antonio Spurs",61,21,6628,"0.475",1727,"0.397",4901,"0.503",1984,"0.767",829,2603,1836,602,372,1101,1556,8502
"2011-12","San Antonio Spurs",50,16,5463,"0.478",1405,"0.393",4058,"0.507",1427,"0.748",683,2153,1528,490,293,895,1143,6841
"2012-13","San Antonio Spurs",58,24,6675,"0.481",1764,"0.376",4911,"0.519",1725,"0.791",666,2721,2058,695,446,1206,1427,8448
"2013-14","San Antonio Spurs",62,20,6844,"0.486",1757,"0.397",5087,"0.517",1642,"0.785",762,2786,2064,604,420,1180,1495,8639
"2014-15","San Antonio Spurs",55,27,6854,"0.468",1847,"0.367",5007,"0.505",1754,"0.78",806,2772,2000,657,444,1146,1564,8461
"2015-16","San Antonio Spurs",67,15,6797,"0.484",1518,"0.375",5279,"0.515",1672,"0.803",770,2831,2010,677,485,1071,1433,8490
"2016-17","San Antonio Spurs",61,21,6864,"0.469",1927,"0.391",4937,"0.5",1806,"0.797",821,2777,1954,655,484,1101,1498,8637
"2017-18","San Antonio Spurs",47,35,6999,"0.457",1977,"0.352",5022,"0.499",1715,"0.772",849,2777,1868,628,460,1078,1408,8424
"2018-19","San Antonio Spurs",48,34,7248,"0.478",2071,"0.392",5177,"0.513",1720,"0.819",757,2910,2013,501,386,992,1487,9156
"2019-20","San Antonio Spurs",32,39,6350,"0.472",2021,"0.376",4329,"0.516",1664,"0.81",640,2530,1751,518,390,895,1377,8098
"2020-21","San Antonio Spurs",33,39,6518,"0.462",2046,"0.35",4472,"0.514",1584,"0.792",669,2489,1759,505,366,821,1293,7998
"2021-22","San Antonio Spurs",34,48,7601,"0.467",2626,"0.352",4975,"0.527",1673,"0.754",901,2815,2289,626,403,1042,1483,9279
"2022-23","San Antonio Spurs",22,60,7593,"0.465",2640,"0.345",4953,"0.529",1739,"0.743",965,2619,2232,572,322,1253,1630,9269
"2000-01","Toronto Raptors",47,35,6972,"0.437",1164,"0.369",5808,"0.451",1984,"0.747",1118,2529,2004,599,519,1080,1745,8007
"2001-02","Toronto Raptors",42,40,6727,"0.434",1109,"0.349",5618,"0.451",1717,"0.739",1114,2336,1779,688,454,1174,1771,7494
"2002-03","Toronto Raptors",24,58,6664,"0.427",1193,"0.343",5471,"0.446",1879,"0.718",1023,2355,1583,609,392,1181,1761,7453
"2003-04","Toronto Raptors",33,49,6348,"0.418",1294,"0.356",5054,"0.434",1650,"0.75",830,2419,1574,604,402,1164,1748,7006
"2004-05","Toronto Raptors",33,49,6656,"0.444",1681,"0.385",4975,"0.463",2101,"0.774",844,2444,1670,621,317,1087,1876,8178
"2005-06","Toronto Raptors",27,55,6639,"0.454",1620,"0.375",5019,"0.479",2089,"0.791",864,2291,1593,529,272,1071,1965,8287
"2006-07","Toronto Raptors",47,35,6547,"0.463",1464,"0.363",5083,"0.492",1982,"0.788",755,2480,1822,581,321,1104,1672,8157
"2007-08","Toronto Raptors",41,41,6726,"0.468",1459,"0.392",5267,"0.489",1658,"0.812",790,2496,1953,570,336,959,1596,8215
"2008-09","Toronto Raptors",33,49,6673,"0.458",1289,"0.372",5384,"0.478",1861,"0.824",802,2513,1835,523,390,1098,1593,8121
"2009-10","Toronto Raptors",40,42,6631,"0.482",1397,"0.371",5234,"0.512",2118,"0.764",806,2507,1804,469,384,1100,1819,8534
"2010-11","Toronto Raptors",22,60,6755,"0.465",1091,"0.316",5664,"0.494",1976,"0.755",963,2343,1795,581,350,1206,1807,8124
"2011-12","Toronto Raptors",23,43,5154,"0.44",1075,"0.34",4079,"0.467",1410,"0.77",697,2074,1382,429,321,1001,1532,5986
"2012-13","Toronto Raptors",34,48,6685,"0.446",1665,"0.343",5020,"0.48",1831,"0.788",871,2426,1765,595,392,1124,1836,7971
"2013-14","Toronto Raptors",48,34,6718,"0.445",1917,"0.372",4801,"0.475",2055,"0.782",935,2552,1737,577,343,1159,1882,8305
"2014-15","Toronto Raptors",49,33,6829,"0.455",2060,"0.352",4769,"0.499",2014,"0.787",881,2526,1701,615,357,1057,1712,8527
"2015-16","Toronto Raptors",56,26,6669,"0.451",1915,"0.37",4754,"0.483",2190,"0.777",836,2724,1536,636,449,1073,1610,8422
"2016-17","Toronto Raptors",51,31,6918,"0.464",1996,"0.363",4922,"0.505",2028,"0.796",871,2676,1517,677,400,1041,1708,8762
"2017-18","Toronto Raptors",59,23,7169,"0.472",2705,"0.358",4464,"0.541",1790,"0.794",800,2807,1995,626,500,1095,1783,9156
"2018-19","Toronto Raptors",58,24,7305,"0.474",2771,"0.366",4534,"0.539",1803,"0.804",786,2920,2085,680,437,1150,1724,9384
"2019-20","Toronto Raptors",53,19,6331,"0.458",2663,"0.374",3668,"0.519",1670,"0.796",685,2583,1816,636,358,1067,1559,8118
"2020-21","Toronto Raptors",27,45,6383,"0.448",2831,"0.368",3552,"0.512",1536,"0.815",680,2314,1735,618,389,952,1526,8011
"2021-22","Toronto Raptors",48,34,7489,"0.445",2808,"0.349",4681,"0.503",1749,"0.759",1095,2622,1809,738,376,1021,1607,8970
"2022-23","Toronto Raptors",41,41,7489,"0.459",2626,"0.335",4863,"0.525",1922,"0.784",1043,2485,1961,772,424,956,1641,9254
"2000-01","Utah Jazz",53,29,6289,"0.471",852,"0.381",5437,"0.485",2280,"0.752",943,2383,2110,661,463,1296,2107,7959
"2001-02","Utah Jazz",44,38,6374,"0.45",842,"0.333",5532,"0.468",2430,"0.763",1109,2349,1999,749,523,1353,1971,7871
"2002-03","Utah Jazz",47,35,6189,"0.468",641,"0.349",5548,"0.481",2349,"0.745",1021,2381,2103,708,467,1374,1837,7762
"2003-04","Utah Jazz",42,40,6172,"0.436",786,"0.321",5386,"0.453",2196,"0.746",1103,2272,1671,583,494,1365,2096,7271
"2004-05","Utah Jazz",26,56,6301,"0.449",762,"0.328",5539,"0.465",2272,"0.757",1047,2243,1826,541,374,1292,2189,7625
"2005-06","Utah Jazz",41,41,6207,"0.442",925,"0.336",5282,"0.461",2466,"0.719",1071,2380,1772,524,492,1290,2032,7573
"2006-07","Utah Jazz",51,31,6471,"0.474",1056,"0.335",5415,"0.501",2462,"0.743",1030,2456,2024,577,339,1277,2067,8322
"2007-08","Utah Jazz",54,28,6592,"0.497",1095,"0.372",5497,"0.522",2298,"0.759",942,2410,2165,717,355,1200,1970,8710
"2008-09","Utah Jazz",48,34,6623,"0.475",1122,"0.349",5501,"0.5",2352,"0.771",940,2423,2024,719,374,1210,1830,8492
"2009-10","Utah Jazz",53,29,6575,"0.491",1207,"0.364",5368,"0.519",2233,"0.741",872,2588,2187,675,400,1246,1859,8547
"2010-11","Utah Jazz",39,43,6590,"0.465",1256,"0.346",5334,"0.493",2061,"0.771",898,2338,1921,629,484,1175,1865,8153
"2011-12","Utah Jazz",36,30,5531,"0.456",845,"0.323",4686,"0.48",1668,"0.754",861,2055,1439,545,385,936,1441,6577
"2012-13","Utah Jazz",43,39,6710,"0.454",1385,"0.366",5325,"0.477",1883,"0.764",989,2457,1859,690,515,1210,1750,8038
"2013-14","Utah Jazz",25,57,6652,"0.444",1577,"0.344",5075,"0.474",1803,"0.747",904,2477,1664,570,366,1200,1699,7791
"2014-15","Utah Jazz",38,44,6492,"0.447",1781,"0.343",4711,"0.486",1929,"0.721",988,2617,1632,623,489,1256,1583,7801
"2015-16","Utah Jazz",40,42,6593,"0.449",1956,"0.355",4637,"0.488",1885,"0.744",880,2665,1555,631,425,1224,1655,8010
"2016-17","Utah Jazz",51,31,6515,"0.466",2128,"0.372",4387,"0.511",1875,"0.747",771,2774,1651,550,410,1118,1545,8258
"2017-18","Utah Jazz",48,34,6797,"0.462",2425,"0.366",4372,"0.515",1766,"0.779",740,2807,1839,708,420,1205,1608,8540
"2018-19","Utah Jazz",50,32,7082,"0.468",2789,"0.356",4293,"0.541",2092,"0.736",820,2981,2133,663,483,1240,1728,9161
"2019-20","Utah Jazz",44,28,6130,"0.471",2537,"0.38",3593,"0.535",1641,"0.779",656,2577,1615,438,292,1089,1468,8013
"2020-21","Utah Jazz",52,20,6344,"0.468",3098,"0.389",3246,"0.544",1546,"0.799",765,2709,1703,474,371,1023,1335,8382
"2021-22","Utah Jazz",49,33,7067,"0.471",3308,"0.36",3759,"0.568",1916,"0.767",884,2916,1836,588,402,1149,1547,9316
"2022-23","Utah Jazz",37,45,7365,"0.473",3099,"0.353",4266,"0.56",1955,"0.786",968,2794,2129,500,429,1259,1679,9600
"2000-01","Washington Wizards",19,63,6453,"0.439",848,"0.324",5605,"0.456",2245,"0.759",1016,2370,1647,630,383,1391,1913,7645
"2001-02","Washington Wizards",37,45,6664,"0.441",786,"0.388",5878,"0.448",1866,"0.765",1055,2393,1715,570,354,1068,1763,7609
"2002-03","Washington Wizards",37,45,6394,"0.44",811,"0.312",5583,"0.459",2077,"0.779",917,2395,1612,621,390,1095,1644,7502
"2003-04","Washington Wizards",25,57,6556,"0.421",1269,"0.341",5287,"0.44",2211,"0.714",1115,2392,1537,733,406,1439,1712,7528
"2004-05","Washington Wizards",45,37,6794,"0.437",1498,"0.343",5296,"0.463",2476,"0.725",1133,2374,1563,716,347,1172,1807,8241
"2005-06","Washington Wizards",42,40,6656,"0.447",1394,"0.357",5262,"0.471",2496,"0.757",1035,2344,1523,658,339,1143,1855,8336
"2006-07","Washington Wizards",41,41,6820,"0.45",1614,"0.348",5206,"0.482",2425,"0.765",998,2379,1660,635,375,1133,1823,8556
"2007-08","Washington Wizards",43,39,6695,"0.446",1614,"0.356",5081,"0.475",1991,"0.782",1007,2404,1607,632,391,1082,1606,8104
"2008-09","Washington Wizards",19,63,6655,"0.45",1198,"0.33",5457,"0.476",1948,"0.767",956,2330,1641,619,365,1146,1679,7877
"2009-10","Washington Wizards",26,56,6700,"0.449",1225,"0.353",5475,"0.471",1895,"0.762",966,2458,1557,493,421,1219,1752,7892
"2010-11","Washington Wizards",23,59,6888,"0.443",1182,"0.332",5706,"0.465",1999,"0.745",1013,2374,1592,665,502,1258,1850,7977
"2011-12","Washington Wizards",20,46,5475,"0.441",1075,"0.32",4400,"0.47",1386,"0.727",775,1975,1262,527,417,1008,1405,6180
"2012-13","Washington Wizards",29,53,6693,"0.435",1495,"0.365",5198,"0.455",1746,"0.733",887,2652,1775,598,376,1238,1681,7644
"2013-14","Washington Wizards",44,38,6920,"0.459",1704,"0.38",5216,"0.485",1715,"0.731",886,2573,1909,668,377,1204,1675,8254
"2014-15","Washington Wizards",46,36,6790,"0.462",1381,"0.36",5409,"0.488",1758,"0.742",862,2801,1969,601,378,1233,1707,8080
"2015-16","Washington Wizards",41,41,7033,"0.46",1983,"0.358",5050,"0.501",1849,"0.73",743,2688,2005,708,323,1186,1708,8534
"2016-17","Washington Wizards",49,33,7137,"0.475",2030,"0.372",5107,"0.515",1812,"0.784",843,2671,1956,693,336,1162,1745,8953
"2017-18","Washington Wizards",43,39,7018,"0.467",2173,"0.375",4845,"0.508",1786,"0.772",823,2713,2065,645,353,1196,1746,8742
"2018-19","Washington Wizards",32,50,7387,"0.468",2731,"0.341",4656,"0.543",1963,"0.768",794,2679,2154,683,379,1154,1701,9350
"2019-20","Washington Wizards",25,47,6544,"0.457",2345,"0.368",4199,"0.506",1770,"0.788",732,2295,1801,574,309,1020,1634,8238
"2020-21","Washington Wizards",34,38,6547,"0.475",2088,"0.351",4459,"0.533",1884,"0.769",697,2557,1835,528,297,1037,1555,8398
"2021-22","Washington Wizards",35,47,7056,"0.472",2512,"0.342",4544,"0.543",1778,"0.783",737,2798,2052,522,406,1077,1545,8907
"2022-23","Washington Wizards",35,47,7127,"0.485",2601,"0.356",4526,"0.559",1838,"0.785",774,2804,2083,561,424,1158,1539,9279
"2004-05","Charlotte Bobcats",18,64,6859,"0.432",881,"0.363",5978,"0.442",2096,"0.709",1083,2335,1794,695,440,1192,1894,7729
"2005-06","Charlotte Bobcats",26,56,6843,"0.433",1261,"0.339",5582,"0.454",2186,"0.729",990,2270,1717,822,354,1167,1960,7943
"2006-07","Charlotte Bobcats",33,49,6643,"0.446",1280,"0.357",5363,"0.467",2136,"0.734",920,2346,1836,638,369,1224,1985,7945
"2007-08","Charlotte Bobcats",32,50,6554,"0.452",1443,"0.367",5111,"0.476",2115,"0.714",892,2440,1748,614,402,1204,1777,7959
"2008-09","Charlotte Bobcats",35,47,6299,"0.455",1339,"0.366",4960,"0.479",1965,"0.74",886,2366,1741,580,397,1279,1754,7677
"2009-10","Charlotte Bobcats",44,38,6306,"0.453",1331,"0.346",4975,"0.482",2180,"0.751",858,2490,1658,632,446,1290,1597,7813
"2010-11","Charlotte Bobcats",34,48,6365,"0.451",1203,"0.327",5162,"0.48",1999,"0.756",848,2444,1728,524,433,1192,1637,7650
"2011-12","Charlotte Bobcats",7,59,5293,"0.414",892,"0.295",4401,"0.439",1462,"0.746",677,1894,1326,397,361,957,1249,5739
"2022-23","Charlotte Hornets",27,55,7413,"0.457",2669,"0.33",4744,"0.528",1933,"0.749",901,2751,2062,634,425,1164,1661,9098
"2012-13","Charlotte Bobcats",21,61,6649,"0.425",1399,"0.335",5250,"0.448",2060,"0.75",917,2389,1587,591,479,1153,1561,7661
"2013-14","Charlotte Bobcats",43,39,6730,"0.442",1471,"0.351",5259,"0.468",2000,"0.737",776,2724,1778,499,421,1010,1493,7942
"2014-15","Charlotte Hornets",33,49,6932,"0.42",1566,"0.318",5366,"0.45",1867,"0.748",820,2793,1654,499,448,976,1494,7721
"2015-16","Charlotte Hornets",48,34,6922,"0.439",2410,"0.362",4512,"0.479",1941,"0.79",734,2869,1778,595,438,1030,1487,8479
"2016-17","Charlotte Hornets",36,46,7000,"0.442",2347,"0.351",4653,"0.488",1953,"0.815",721,2853,1891,571,390,942,1360,8601
"2017-18","Charlotte Hornets",36,46,7106,"0.45",2233,"0.369",4873,"0.487",2216,"0.747",827,2901,1770,559,373,1041,1409,8874
"2018-19","Charlotte Hornets",39,43,7362,"0.448",2783,"0.351",4579,"0.507",1895,"0.797",814,2778,1905,591,405,1001,1550,9081
"2019-20","Charlotte Hornets",23,42,5586,"0.434",2231,"0.352",3355,"0.489",1406,"0.748",715,2066,1549,428,268,949,1223,6687
"2020-21","Charlotte Hornets",33,39,6324,"0.455",2666,"0.369",3658,"0.517",1505,"0.761",762,2389,1933,565,344,1069,1298,7881
"2021-22","Charlotte Hornets",43,39,7497,"0.468",3130,"0.365",4367,"0.542",1753,"0.74",888,2767,2302,707,402,1087,1629,9457
